PokemonNo,Name,ColorID,Total,HP,Attack,Defense,SpAttack,SpDefense,Speed,image_url
1,Bulbasaur,1,318,45,49,49,65,65,45,https://img.pokemondb.net/sprites/sword-shield/icon/bulbasaur.png
2,Ivysaur,1,405,60,62,63,80,80,60,https://img.pokemondb.net/sprites/sword-shield/icon/ivysaur.png
3,Venusaur,1,525,80,82,83,100,100,80,https://img.pokemondb.net/sprites/sword-shield/icon/venusaur.png
4,Charmander,2,309,39,52,43,60,50,65,https://img.pokemondb.net/sprites/sword-shield/icon/charmander.png
5,Charmeleon,2,405,58,64,58,80,65,80,https://img.pokemondb.net/sprites/sword-shield/icon/charmeleon.png
6,Charizard,2,534,78,84,78,109,85,100,https://img.pokemondb.net/sprites/sword-shield/icon/charizard.png
7,Squirtle,3,314,44,48,65,50,64,43,https://img.pokemondb.net/sprites/sword-shield/icon/squirtle.png
8,Wartortle,3,405,59,63,80,65,80,58,https://img.pokemondb.net/sprites/sword-shield/icon/wartortle.png
9,Blastoise,3,530,79,83,100,85,105,78,https://img.pokemondb.net/sprites/sword-shield/icon/blastoise.png
10,Caterpie,1,195,45,30,35,20,20,45,https://img.pokemondb.net/sprites/sword-shield/icon/caterpie.png
11,Metapod,1,205,50,20,55,25,25,30,https://img.pokemondb.net/sprites/sword-shield/icon/metapod.png
12,Butterfree,4,395,60,45,50,90,80,70,https://img.pokemondb.net/sprites/sword-shield/icon/butterfree.png
13,Weedle,5,195,40,35,30,20,20,50,https://img.pokemondb.net/sprites/sword-shield/icon/weedle.png
14,Kakuna,6,205,45,25,50,25,25,35,https://img.pokemondb.net/sprites/sword-shield/icon/kakuna.png
15,Beedrill,6,395,65,90,40,45,80,75,https://img.pokemondb.net/sprites/sword-shield/icon/beedrill.png
16,Pidgey,5,251,40,45,40,35,35,56,https://img.pokemondb.net/sprites/sword-shield/icon/pidgey.png
17,Pidgeotto,5,349,63,60,55,50,50,71,https://img.pokemondb.net/sprites/sword-shield/icon/pidgeotto.png
18,Pidgeot,5,479,83,80,75,70,70,101,https://img.pokemondb.net/sprites/sword-shield/icon/pidgeot.png
19,Rattata,7,253,30,56,35,25,35,72,https://img.pokemondb.net/sprites/sword-shield/icon/rattata.png
20,Raticate,5,413,55,81,60,50,70,97,https://img.pokemondb.net/sprites/sword-shield/icon/raticate.png
21,Spearow,5,262,40,60,30,31,31,70,https://img.pokemondb.net/sprites/sword-shield/icon/spearow.png
22,Fearow,5,442,65,90,65,61,61,100,https://img.pokemondb.net/sprites/sword-shield/icon/fearow.png
23,Ekans,7,288,35,60,44,40,54,55,https://img.pokemondb.net/sprites/sword-shield/icon/ekans.png
24,Arbok,7,448,60,95,69,65,79,80,https://img.pokemondb.net/sprites/sword-shield/icon/arbok.png
25,Pikachu,6,320,35,55,40,50,50,90,https://img.pokemondb.net/sprites/sword-shield/icon/pikachu.png
26,Raichu,6,485,60,90,55,90,80,110,https://img.pokemondb.net/sprites/sword-shield/icon/raichu.png
27,Sandshrew,6,300,50,75,85,20,30,40,https://img.pokemondb.net/sprites/sword-shield/icon/sandshrew.png
28,Sandslash,6,450,75,100,110,45,55,65,https://img.pokemondb.net/sprites/sword-shield/icon/sandslash.png
29,Nidoran♀,3,275,55,47,52,40,40,41,https://img.pokemondb.net/sprites/sword-shield/icon/nidoran-f.png
30,Nidorina,3,365,70,62,67,55,55,56,https://img.pokemondb.net/sprites/sword-shield/icon/nidorina.png
31,Nidoqueen,3,505,90,92,87,75,85,76,https://img.pokemondb.net/sprites/sword-shield/icon/nidoqueen.png
32,Nidoran♂,7,273,46,57,40,40,40,50,https://img.pokemondb.net/sprites/sword-shield/icon/nidoran-m.png
33,Nidorino,7,365,61,72,57,55,55,65,https://img.pokemondb.net/sprites/sword-shield/icon/nidorino.png
34,Nidoking,7,505,81,102,77,85,75,85,https://img.pokemondb.net/sprites/sword-shield/icon/nidoking.png
35,Clefairy,8,323,70,45,48,60,65,35,https://img.pokemondb.net/sprites/sword-shield/icon/clefairy.png
36,Clefable,8,483,95,70,73,95,90,60,https://img.pokemondb.net/sprites/sword-shield/icon/clefable.png
37,Vulpix,5,299,38,41,40,50,65,65,https://img.pokemondb.net/sprites/sword-shield/icon/vulpix.png
38,Ninetales,6,505,73,76,75,81,100,100,https://img.pokemondb.net/sprites/sword-shield/icon/ninetales.png
39,Jigglypuff,8,270,115,45,20,45,25,20,https://img.pokemondb.net/sprites/sword-shield/icon/jigglypuff.png
40,Wigglytuff,8,435,140,70,45,85,50,45,https://img.pokemondb.net/sprites/sword-shield/icon/wigglytuff.png
41,Zubat,7,245,40,45,35,30,40,55,https://img.pokemondb.net/sprites/sword-shield/icon/zubat.png
42,Golbat,7,455,75,80,70,65,75,90,https://img.pokemondb.net/sprites/sword-shield/icon/golbat.png
43,Oddish,3,320,45,50,55,75,65,30,https://img.pokemondb.net/sprites/sword-shield/icon/oddish.png
44,Gloom,3,395,60,65,70,85,75,40,https://img.pokemondb.net/sprites/sword-shield/icon/gloom.png
45,Vileplume,2,490,75,80,85,110,90,50,https://img.pokemondb.net/sprites/sword-shield/icon/vileplume.png
46,Paras,2,285,35,70,55,45,55,25,https://img.pokemondb.net/sprites/sword-shield/icon/paras.png
47,Parasect,2,405,60,95,80,60,80,30,https://img.pokemondb.net/sprites/sword-shield/icon/parasect.png
48,Venonat,7,305,60,55,50,40,55,45,https://img.pokemondb.net/sprites/sword-shield/icon/venonat.png
49,Venomoth,7,450,70,65,60,90,75,90,https://img.pokemondb.net/sprites/sword-shield/icon/venomoth.png
50,Diglett,5,265,10,55,25,35,45,95,https://img.pokemondb.net/sprites/sword-shield/icon/diglett.png
51,Dugtrio,5,425,35,100,50,50,70,120,https://img.pokemondb.net/sprites/sword-shield/icon/dugtrio.png
52,Meowth,6,290,40,45,35,40,40,90,https://img.pokemondb.net/sprites/sword-shield/icon/meowth.png
53,Persian,6,440,65,70,60,65,65,115,https://img.pokemondb.net/sprites/sword-shield/icon/persian.png
54,Psyduck,6,320,50,52,48,65,50,55,https://img.pokemondb.net/sprites/sword-shield/icon/psyduck.png
55,Golduck,3,500,80,82,78,95,80,85,https://img.pokemondb.net/sprites/sword-shield/icon/golduck.png
56,Mankey,5,305,40,80,35,35,45,70,https://img.pokemondb.net/sprites/sword-shield/icon/mankey.png
57,Primeape,5,455,65,105,60,60,70,95,https://img.pokemondb.net/sprites/sword-shield/icon/primeape.png
58,Growlithe,5,350,55,70,45,70,50,60,https://img.pokemondb.net/sprites/sword-shield/icon/growlithe.png
59,Arcanine,5,555,90,110,80,100,80,95,https://img.pokemondb.net/sprites/sword-shield/icon/arcanine.png
60,Poliwag,3,300,40,50,40,40,40,90,https://img.pokemondb.net/sprites/sword-shield/icon/poliwag.png
61,Poliwhirl,3,385,65,65,65,50,50,90,https://img.pokemondb.net/sprites/sword-shield/icon/poliwhirl.png
62,Poliwrath,3,510,90,95,95,70,90,70,https://img.pokemondb.net/sprites/sword-shield/icon/poliwrath.png
63,Abra,5,310,25,20,15,105,55,90,https://img.pokemondb.net/sprites/sword-shield/icon/abra.png
64,Kadabra,5,400,40,35,30,120,70,105,https://img.pokemondb.net/sprites/sword-shield/icon/kadabra.png
65,Alakazam,5,500,55,50,45,135,95,120,https://img.pokemondb.net/sprites/sword-shield/icon/alakazam.png
66,Machop,9,305,70,80,50,35,35,35,https://img.pokemondb.net/sprites/sword-shield/icon/machop.png
67,Machoke,9,405,80,100,70,50,60,45,https://img.pokemondb.net/sprites/sword-shield/icon/machoke.png
68,Machamp,9,505,90,130,80,65,85,55,https://img.pokemondb.net/sprites/sword-shield/icon/machamp.png
69,Bellsprout,1,300,50,75,35,70,30,40,https://img.pokemondb.net/sprites/sword-shield/icon/bellsprout.png
70,Weepinbell,1,390,65,90,50,85,45,55,https://img.pokemondb.net/sprites/sword-shield/icon/weepinbell.png
71,Victreebel,1,490,80,105,65,100,70,70,https://img.pokemondb.net/sprites/sword-shield/icon/victreebel.png
72,Tentacool,3,335,40,40,35,50,100,70,https://img.pokemondb.net/sprites/sword-shield/icon/tentacool.png
73,Tentacruel,3,515,80,70,65,80,120,100,https://img.pokemondb.net/sprites/sword-shield/icon/tentacruel.png
74,Geodude,5,300,40,80,100,30,30,20,https://img.pokemondb.net/sprites/sword-shield/icon/geodude.png
75,Graveler,5,390,55,95,115,45,45,35,https://img.pokemondb.net/sprites/sword-shield/icon/graveler.png
76,Golem,5,495,80,120,130,55,65,45,https://img.pokemondb.net/sprites/sword-shield/icon/golem.png
77,Ponyta,6,410,50,85,55,65,65,90,https://img.pokemondb.net/sprites/sword-shield/icon/ponyta.png
78,Rapidash,6,500,65,100,70,80,80,105,https://img.pokemondb.net/sprites/sword-shield/icon/rapidash.png
79,Slowpoke,8,315,90,65,65,40,40,15,https://img.pokemondb.net/sprites/sword-shield/icon/slowpoke.png
80,Slowbro,8,490,95,75,110,100,80,30,https://img.pokemondb.net/sprites/sword-shield/icon/slowbro.png
81,Magnemite,9,325,25,35,70,95,55,45,https://img.pokemondb.net/sprites/sword-shield/icon/magnemite.png
82,Magneton,9,465,50,60,95,120,70,70,https://img.pokemondb.net/sprites/sword-shield/icon/magneton.png
83,Farfetch'd,5,377,52,90,55,58,62,60,https://img.pokemondb.net/sprites/sword-shield/icon/farfetchd.png
84,Doduo,5,310,35,85,45,35,35,75,https://img.pokemondb.net/sprites/sword-shield/icon/doduo.png
85,Dodrio,5,470,60,110,70,60,60,110,https://img.pokemondb.net/sprites/sword-shield/icon/dodrio.png
86,Seel,4,325,65,45,55,45,70,45,https://img.pokemondb.net/sprites/sword-shield/icon/seel.png
87,Dewgong,4,475,90,70,80,70,95,70,https://img.pokemondb.net/sprites/sword-shield/icon/dewgong.png
88,Grimer,7,325,80,80,50,40,50,25,https://img.pokemondb.net/sprites/sword-shield/icon/grimer.png
89,Muk,7,500,105,105,75,65,100,50,https://img.pokemondb.net/sprites/sword-shield/icon/muk.png
90,Shellder,7,305,30,65,100,45,25,40,https://img.pokemondb.net/sprites/sword-shield/icon/shellder.png
91,Cloyster,7,525,50,95,180,85,45,70,https://img.pokemondb.net/sprites/sword-shield/icon/cloyster.png
92,Gastly,7,310,30,35,30,100,35,80,https://img.pokemondb.net/sprites/sword-shield/icon/gastly.png
93,Haunter,7,405,45,50,45,115,55,95,https://img.pokemondb.net/sprites/sword-shield/icon/haunter.png
94,Gengar,7,500,60,65,60,130,75,110,https://img.pokemondb.net/sprites/sword-shield/icon/gengar.png
95,Onix,9,385,35,45,160,30,45,70,https://img.pokemondb.net/sprites/sword-shield/icon/onix.png
96,Drowzee,6,328,60,48,45,43,90,42,https://img.pokemondb.net/sprites/sword-shield/icon/drowzee.png
97,Hypno,6,483,85,73,70,73,115,67,https://img.pokemondb.net/sprites/sword-shield/icon/hypno.png
98,Krabby,2,325,30,105,90,25,25,50,https://img.pokemondb.net/sprites/sword-shield/icon/krabby.png
99,Kingler,2,475,55,130,115,50,50,75,https://img.pokemondb.net/sprites/sword-shield/icon/kingler.png
100,Voltorb,2,330,40,30,50,55,55,100,https://img.pokemondb.net/sprites/sword-shield/icon/voltorb.png
101,Electrode,2,490,60,50,70,80,80,150,https://img.pokemondb.net/sprites/sword-shield/icon/electrode.png
102,Exeggcute,8,325,60,40,80,60,45,40,https://img.pokemondb.net/sprites/sword-shield/icon/exeggcute.png
103,Exeggutor,6,530,95,95,85,125,75,55,https://img.pokemondb.net/sprites/sword-shield/icon/exeggutor.png
104,Cubone,5,320,50,50,95,40,50,35,https://img.pokemondb.net/sprites/sword-shield/icon/cubone.png
105,Marowak,5,425,60,80,110,50,80,45,https://img.pokemondb.net/sprites/sword-shield/icon/marowak.png
106,Hitmonlee,5,455,50,120,53,35,110,87,https://img.pokemondb.net/sprites/sword-shield/icon/hitmonlee.png
107,Hitmonchan,5,455,50,105,79,35,110,76,https://img.pokemondb.net/sprites/sword-shield/icon/hitmonchan.png
108,Lickitung,8,385,90,55,75,60,75,30,https://img.pokemondb.net/sprites/sword-shield/icon/lickitung.png
109,Koffing,7,340,40,65,95,60,45,35,https://img.pokemondb.net/sprites/sword-shield/icon/koffing.png
110,Weezing,7,490,65,90,120,85,70,60,https://img.pokemondb.net/sprites/sword-shield/icon/weezing.png
111,Rhyhorn,9,345,80,85,95,30,30,25,https://img.pokemondb.net/sprites/sword-shield/icon/rhyhorn.png
112,Rhydon,9,485,105,130,120,45,45,40,https://img.pokemondb.net/sprites/sword-shield/icon/rhydon.png
113,Chansey,8,450,250,5,5,35,105,50,https://img.pokemondb.net/sprites/sword-shield/icon/chansey.png
114,Tangela,3,435,65,55,115,100,40,60,https://img.pokemondb.net/sprites/sword-shield/icon/tangela.png
115,Kangaskhan,5,490,105,95,80,40,80,90,https://img.pokemondb.net/sprites/sword-shield/icon/kangaskhan.png
116,Horsea,3,295,30,40,70,70,25,60,https://img.pokemondb.net/sprites/sword-shield/icon/horsea.png
117,Seadra,3,440,55,65,95,95,45,85,https://img.pokemondb.net/sprites/sword-shield/icon/seadra.png
118,Goldeen,2,320,45,67,60,35,50,63,https://img.pokemondb.net/sprites/sword-shield/icon/goldeen.png
119,Seaking,2,450,80,92,65,65,80,68,https://img.pokemondb.net/sprites/sword-shield/icon/seaking.png
120,Staryu,5,340,30,45,55,70,55,85,https://img.pokemondb.net/sprites/sword-shield/icon/staryu.png
121,Starmie,7,520,60,75,85,100,85,115,https://img.pokemondb.net/sprites/sword-shield/icon/starmie.png
122,Mr.Mime,8,460,40,45,65,100,120,90,https://img.pokemondb.net/sprites/sword-shield/icon/mr-mime.png
123,Scyther,1,500,70,110,80,55,80,105,https://img.pokemondb.net/sprites/sword-shield/icon/scyther.png
124,Jynx,2,455,65,50,35,115,95,95,https://img.pokemondb.net/sprites/sword-shield/icon/jynx.png
125,Electabuzz,6,490,65,83,57,95,85,105,https://img.pokemondb.net/sprites/sword-shield/icon/electabuzz.png
126,Magmar,2,495,65,95,57,100,85,93,https://img.pokemondb.net/sprites/sword-shield/icon/magmar.png
127,Pinsir,5,500,65,125,100,55,70,85,https://img.pokemondb.net/sprites/sword-shield/icon/pinsir.png
128,Tauros,5,490,75,100,95,40,70,110,https://img.pokemondb.net/sprites/sword-shield/icon/tauros.png
129,Magikarp,2,200,20,10,55,15,20,80,https://img.pokemondb.net/sprites/sword-shield/icon/magikarp.png
130,Gyarados,3,540,95,125,79,60,100,81,https://img.pokemondb.net/sprites/sword-shield/icon/gyarados.png
131,Lapras,3,535,130,85,80,85,95,60,https://img.pokemondb.net/sprites/sword-shield/icon/lapras.png
132,Ditto,7,288,48,48,48,48,48,48,https://img.pokemondb.net/sprites/sword-shield/icon/ditto.png
133,Eevee,5,325,55,55,50,45,65,55,https://img.pokemondb.net/sprites/sword-shield/icon/eevee.png
134,Vaporeon,3,525,130,65,60,110,95,65,https://img.pokemondb.net/sprites/sword-shield/icon/vaporeon.png
135,Jolteon,6,525,65,65,60,110,95,130,https://img.pokemondb.net/sprites/sword-shield/icon/jolteon.png
136,Flareon,2,525,65,130,60,95,110,65,https://img.pokemondb.net/sprites/sword-shield/icon/flareon.png
137,Porygon,8,395,65,60,70,85,75,40,https://img.pokemondb.net/sprites/sword-shield/icon/porygon.png
138,Omanyte,3,355,35,40,100,90,55,35,https://img.pokemondb.net/sprites/sword-shield/icon/omanyte.png
139,Omastar,3,495,70,60,125,115,70,55,https://img.pokemondb.net/sprites/sword-shield/icon/omastar.png
140,Kabuto,5,355,30,80,90,55,45,55,https://img.pokemondb.net/sprites/sword-shield/icon/kabuto.png
141,Kabutops,5,495,60,115,105,65,70,80,https://img.pokemondb.net/sprites/sword-shield/icon/kabutops.png
142,Aerodactyl,7,515,80,105,65,60,75,130,https://img.pokemondb.net/sprites/sword-shield/icon/aerodactyl.png
143,Snorlax,10,540,160,110,65,65,110,30,https://img.pokemondb.net/sprites/sword-shield/icon/snorlax.png
144,Articuno,3,580,90,85,100,95,125,85,https://img.pokemondb.net/sprites/sword-shield/icon/articuno.png
145,Zapdos,6,580,90,90,85,125,90,100,https://img.pokemondb.net/sprites/sword-shield/icon/zapdos.png
146,Moltres,6,580,90,100,90,125,85,90,https://img.pokemondb.net/sprites/sword-shield/icon/moltres.png
147,Dratini,3,300,41,64,45,50,50,50,https://img.pokemondb.net/sprites/sword-shield/icon/dratini.png
148,Dragonair,3,420,61,84,65,70,70,70,https://img.pokemondb.net/sprites/sword-shield/icon/dragonair.png
149,Dragonite,5,600,91,134,95,100,100,80,https://img.pokemondb.net/sprites/sword-shield/icon/dragonite.png
150,Mewtwo,7,680,106,110,90,154,90,130,https://img.pokemondb.net/sprites/sword-shield/icon/mewtwo.png
151,Mew,8,600,100,100,100,100,100,100,https://img.pokemondb.net/sprites/sword-shield/icon/mew.png
152,Chikorita,1,318,45,49,65,49,65,45,https://img.pokemondb.net/sprites/sword-shield/icon/chikorita.png
153,Bayleef,1,405,60,62,80,63,80,60,https://img.pokemondb.net/sprites/sword-shield/icon/bayleef.png
154,Meganium,1,525,80,82,100,83,100,80,https://img.pokemondb.net/sprites/sword-shield/icon/meganium.png
155,Cyndaquil,6,309,39,52,43,60,50,65,https://img.pokemondb.net/sprites/sword-shield/icon/cyndaquil.png
156,Quilava,6,405,58,64,58,80,65,80,https://img.pokemondb.net/sprites/sword-shield/icon/quilava.png
157,Typhlosion,6,534,78,84,78,109,85,100,https://img.pokemondb.net/sprites/sword-shield/icon/typhlosion.png
158,Totodile,3,314,50,65,64,44,48,43,https://img.pokemondb.net/sprites/sword-shield/icon/totodile.png
159,Croconaw,3,405,65,80,80,59,63,58,https://img.pokemondb.net/sprites/sword-shield/icon/croconaw.png
160,Feraligatr,3,530,85,105,100,79,83,78,https://img.pokemondb.net/sprites/sword-shield/icon/feraligatr.png
161,Sentret,5,215,35,46,34,35,45,20,https://img.pokemondb.net/sprites/sword-shield/icon/sentret.png
162,Furret,5,415,85,76,64,45,55,90,https://img.pokemondb.net/sprites/sword-shield/icon/furret.png
163,Hoothoot,5,262,60,30,30,36,56,50,https://img.pokemondb.net/sprites/sword-shield/icon/hoothoot.png
164,Noctowl,5,452,100,50,50,86,96,70,https://img.pokemondb.net/sprites/sword-shield/icon/noctowl.png
165,Ledyba,2,265,40,20,30,40,80,55,https://img.pokemondb.net/sprites/sword-shield/icon/ledyba.png
166,Ledian,2,390,55,35,50,55,110,85,https://img.pokemondb.net/sprites/sword-shield/icon/ledian.png
167,Spinarak,1,250,40,60,40,40,40,30,https://img.pokemondb.net/sprites/sword-shield/icon/spinarak.png
168,Ariados,2,400,70,90,70,60,70,40,https://img.pokemondb.net/sprites/sword-shield/icon/ariados.png
169,Crobat,7,535,85,90,80,70,80,130,https://img.pokemondb.net/sprites/sword-shield/icon/crobat.png
170,Chinchou,3,330,75,38,38,56,56,67,https://img.pokemondb.net/sprites/sword-shield/icon/chinchou.png
171,Lanturn,3,460,125,58,58,76,76,67,https://img.pokemondb.net/sprites/sword-shield/icon/lanturn.png
172,Pichu,6,205,20,40,15,35,35,60,https://img.pokemondb.net/sprites/sword-shield/icon/pichu.png
173,Cleffa,8,218,50,25,28,45,55,15,https://img.pokemondb.net/sprites/sword-shield/icon/cleffa.png
174,Igglybuff,8,210,90,30,15,40,20,15,https://img.pokemondb.net/sprites/sword-shield/icon/igglybuff.png
175,Togepi,4,245,35,20,65,40,65,20,https://img.pokemondb.net/sprites/sword-shield/icon/togepi.png
176,Togetic,4,405,55,40,85,80,105,40,https://img.pokemondb.net/sprites/sword-shield/icon/togetic.png
177,Natu,1,320,40,50,45,70,45,70,https://img.pokemondb.net/sprites/sword-shield/icon/natu.png
178,Xatu,1,470,65,75,70,95,70,95,https://img.pokemondb.net/sprites/sword-shield/icon/xatu.png
179,Mareep,4,280,55,40,40,65,45,35,https://img.pokemondb.net/sprites/sword-shield/icon/mareep.png
180,Flaaffy,8,365,70,55,55,80,60,45,https://img.pokemondb.net/sprites/sword-shield/icon/flaaffy.png
181,Ampharos,6,510,90,75,85,115,90,55,https://img.pokemondb.net/sprites/sword-shield/icon/ampharos.png
182,Bellossom,1,490,75,80,95,90,100,50,https://img.pokemondb.net/sprites/sword-shield/icon/bellossom.png
183,Marill,3,250,70,20,50,20,50,40,https://img.pokemondb.net/sprites/sword-shield/icon/marill.png
184,Azumarill,3,420,100,50,80,60,80,50,https://img.pokemondb.net/sprites/sword-shield/icon/azumarill.png
185,Sudowoodo,5,410,70,100,115,30,65,30,https://img.pokemondb.net/sprites/sword-shield/icon/sudowoodo.png
186,Politoed,1,500,90,75,75,90,100,70,https://img.pokemondb.net/sprites/sword-shield/icon/politoed.png
187,Hoppip,8,250,35,35,40,35,55,50,https://img.pokemondb.net/sprites/sword-shield/icon/hoppip.png
188,Skiploom,1,340,55,45,50,45,65,80,https://img.pokemondb.net/sprites/sword-shield/icon/skiploom.png
189,Jumpluff,3,460,75,55,70,55,95,110,https://img.pokemondb.net/sprites/sword-shield/icon/jumpluff.png
190,Aipom,7,360,55,70,55,40,55,85,https://img.pokemondb.net/sprites/sword-shield/icon/aipom.png
191,Sunkern,6,180,30,30,30,30,30,30,https://img.pokemondb.net/sprites/sword-shield/icon/sunkern.png
192,Sunflora,6,425,75,75,55,105,85,30,https://img.pokemondb.net/sprites/sword-shield/icon/sunflora.png
193,Yanma,2,390,65,65,45,75,45,95,https://img.pokemondb.net/sprites/sword-shield/icon/yanma.png
194,Wooper,3,210,55,45,45,25,25,15,https://img.pokemondb.net/sprites/sword-shield/icon/wooper.png
195,Quagsire,3,430,95,85,85,65,65,35,https://img.pokemondb.net/sprites/sword-shield/icon/quagsire.png
196,Espeon,7,525,65,65,60,130,95,110,https://img.pokemondb.net/sprites/sword-shield/icon/espeon.png
197,Umbreon,10,525,95,65,110,60,130,65,https://img.pokemondb.net/sprites/sword-shield/icon/umbreon.png
198,Murkrow,10,405,60,85,42,85,42,91,https://img.pokemondb.net/sprites/sword-shield/icon/murkrow.png
199,Slowking,8,490,95,75,80,100,110,30,https://img.pokemondb.net/sprites/sword-shield/icon/slowking.png
200,Misdreavus,7,435,60,60,60,85,85,85,https://img.pokemondb.net/sprites/sword-shield/icon/misdreavus.png
201,Unown,10,336,48,72,48,72,48,48,https://img.pokemondb.net/sprites/sword-shield/icon/unown.png
202,Wobbuffet,3,405,190,33,58,33,58,33,https://img.pokemondb.net/sprites/sword-shield/icon/wobbuffet.png
203,Girafarig,6,455,70,80,65,90,65,85,https://img.pokemondb.net/sprites/sword-shield/icon/girafarig.png
204,Pineco,9,290,50,65,90,35,35,15,https://img.pokemondb.net/sprites/sword-shield/icon/pineco.png
205,Forretress,7,465,75,90,140,60,60,40,https://img.pokemondb.net/sprites/sword-shield/icon/forretress.png
206,Dunsparce,6,415,100,70,70,65,65,45,https://img.pokemondb.net/sprites/sword-shield/icon/dunsparce.png
207,Gligar,7,430,65,75,105,35,65,85,https://img.pokemondb.net/sprites/sword-shield/icon/gligar.png
208,Steelix,9,510,75,85,200,55,65,30,https://img.pokemondb.net/sprites/sword-shield/icon/steelix.png
209,Snubbull,8,300,60,80,50,40,40,30,https://img.pokemondb.net/sprites/sword-shield/icon/snubbull.png
210,Granbull,7,450,90,120,75,60,60,45,https://img.pokemondb.net/sprites/sword-shield/icon/granbull.png
211,Qwilfish,9,440,65,95,85,55,55,85,https://img.pokemondb.net/sprites/sword-shield/icon/qwilfish.png
212,Scizor,2,500,70,130,100,55,80,65,https://img.pokemondb.net/sprites/sword-shield/icon/scizor.png
213,Shuckle,6,505,20,10,230,10,230,5,https://img.pokemondb.net/sprites/sword-shield/icon/shuckle.png
214,Heracross,3,500,80,125,75,40,95,85,https://img.pokemondb.net/sprites/sword-shield/icon/heracross.png
215,Sneasel,10,430,55,95,55,35,75,115,https://img.pokemondb.net/sprites/sword-shield/icon/sneasel.png
216,Teddiursa,5,330,60,80,50,50,50,40,https://img.pokemondb.net/sprites/sword-shield/icon/teddiursa.png
217,Ursaring,5,500,90,130,75,75,75,55,https://img.pokemondb.net/sprites/sword-shield/icon/ursaring.png
218,Slugma,2,250,40,40,40,70,40,20,https://img.pokemondb.net/sprites/sword-shield/icon/slugma.png
219,Magcargo,2,430,60,50,120,90,80,30,https://img.pokemondb.net/sprites/sword-shield/icon/magcargo.png
220,Swinub,5,250,50,50,40,30,30,50,https://img.pokemondb.net/sprites/sword-shield/icon/swinub.png
221,Piloswine,5,450,100,100,80,60,60,50,https://img.pokemondb.net/sprites/sword-shield/icon/piloswine.png
222,Corsola,8,410,65,55,95,65,95,35,https://img.pokemondb.net/sprites/sword-shield/icon/corsola.png
223,Remoraid,9,300,35,65,35,65,35,65,https://img.pokemondb.net/sprites/sword-shield/icon/remoraid.png
224,Octillery,2,480,75,105,75,105,75,45,https://img.pokemondb.net/sprites/sword-shield/icon/octillery.png
225,Delibird,2,330,45,55,45,65,45,75,https://img.pokemondb.net/sprites/sword-shield/icon/delibird.png
226,Mantine,7,485,85,40,70,80,140,70,https://img.pokemondb.net/sprites/sword-shield/icon/mantine.png
227,Skarmory,9,465,65,80,140,40,70,70,https://img.pokemondb.net/sprites/sword-shield/icon/skarmory.png
228,Houndour,10,330,45,60,30,80,50,65,https://img.pokemondb.net/sprites/sword-shield/icon/houndour.png
229,Houndoom,10,500,75,90,50,110,80,95,https://img.pokemondb.net/sprites/sword-shield/icon/houndoom.png
230,Kingdra,3,540,75,95,95,95,95,85,https://img.pokemondb.net/sprites/sword-shield/icon/kingdra.png
231,Phanpy,3,330,90,60,60,40,40,40,https://img.pokemondb.net/sprites/sword-shield/icon/phanpy.png
232,Donphan,9,500,90,120,120,60,60,50,https://img.pokemondb.net/sprites/sword-shield/icon/donphan.png
233,Porygon2,2,515,85,80,90,105,95,60,https://img.pokemondb.net/sprites/sword-shield/icon/porygon2.png
234,Stantler,5,465,73,95,62,85,65,85,https://img.pokemondb.net/sprites/sword-shield/icon/stantler.png
235,Smeargle,4,250,55,20,35,20,45,75,https://img.pokemondb.net/sprites/sword-shield/icon/smeargle.png
236,Tyrogue,7,210,35,35,35,35,35,35,https://img.pokemondb.net/sprites/sword-shield/icon/tyrogue.png
237,Hitmontop,5,455,50,95,95,35,110,70,https://img.pokemondb.net/sprites/sword-shield/icon/hitmontop.png
238,Smoochum,8,305,45,30,15,85,65,65,https://img.pokemondb.net/sprites/sword-shield/icon/smoochum.png
239,Elekid,6,360,45,63,37,65,55,95,https://img.pokemondb.net/sprites/sword-shield/icon/elekid.png
240,Magby,2,365,45,75,37,70,55,83,https://img.pokemondb.net/sprites/sword-shield/icon/magby.png
241,Miltank,8,490,95,80,105,40,70,100,https://img.pokemondb.net/sprites/sword-shield/icon/miltank.png
242,Blissey,8,540,255,10,10,75,135,55,https://img.pokemondb.net/sprites/sword-shield/icon/blissey.png
243,Raikou,6,580,90,85,75,115,100,115,https://img.pokemondb.net/sprites/sword-shield/icon/raikou.png
244,Entei,5,580,115,115,85,90,75,100,https://img.pokemondb.net/sprites/sword-shield/icon/entei.png
245,Suicune,3,580,100,75,115,90,115,85,https://img.pokemondb.net/sprites/sword-shield/icon/suicune.png
246,Larvitar,1,300,50,64,50,45,50,41,https://img.pokemondb.net/sprites/sword-shield/icon/larvitar.png
247,Pupitar,9,410,70,84,70,65,70,51,https://img.pokemondb.net/sprites/sword-shield/icon/pupitar.png
248,Tyranitar,1,600,100,134,110,95,100,61,https://img.pokemondb.net/sprites/sword-shield/icon/tyranitar.png
249,Lugia,4,680,106,90,130,90,154,110,https://img.pokemondb.net/sprites/sword-shield/icon/lugia.png
250,Ho-oh,2,680,106,130,90,110,154,90,https://img.pokemondb.net/sprites/sword-shield/icon/ho-oh.png
251,Celebi,1,600,100,100,100,100,100,100,https://img.pokemondb.net/sprites/sword-shield/icon/celebi.png
252,Treecko,1,310,40,45,35,65,55,70,https://img.pokemondb.net/sprites/sword-shield/icon/treecko.png
253,Grovyle,1,405,50,65,45,85,65,95,https://img.pokemondb.net/sprites/sword-shield/icon/grovyle.png
254,Sceptile,1,530,70,85,65,105,85,120,https://img.pokemondb.net/sprites/sword-shield/icon/sceptile.png
255,Torchic,2,310,45,60,40,70,50,45,https://img.pokemondb.net/sprites/sword-shield/icon/torchic.png
256,Combusken,2,405,60,85,60,85,60,55,https://img.pokemondb.net/sprites/sword-shield/icon/combusken.png
257,Blaziken,2,530,80,120,70,110,70,80,https://img.pokemondb.net/sprites/sword-shield/icon/blaziken.png
258,Mudkip,3,310,50,70,50,50,50,40,https://img.pokemondb.net/sprites/sword-shield/icon/mudkip.png
259,Marshtomp,3,405,70,85,70,60,70,50,https://img.pokemondb.net/sprites/sword-shield/icon/marshtomp.png
260,Swampert,3,535,100,110,90,85,90,60,https://img.pokemondb.net/sprites/sword-shield/icon/swampert.png
261,Poochyena,9,220,35,55,35,30,30,35,https://img.pokemondb.net/sprites/sword-shield/icon/poochyena.png
262,Mightyena,9,420,70,90,70,60,60,70,https://img.pokemondb.net/sprites/sword-shield/icon/mightyena.png
263,Zigzagoon,5,240,38,30,41,30,41,60,https://img.pokemondb.net/sprites/sword-shield/icon/zigzagoon.png
264,Linoone,4,420,78,70,61,50,61,100,https://img.pokemondb.net/sprites/sword-shield/icon/linoone.png
265,Wurmple,2,195,45,45,35,20,30,20,https://img.pokemondb.net/sprites/sword-shield/icon/wurmple.png
266,Silcoon,4,205,50,35,55,25,25,15,https://img.pokemondb.net/sprites/sword-shield/icon/silcoon.png
267,Beautifly,6,395,60,70,50,100,50,65,https://img.pokemondb.net/sprites/sword-shield/icon/beautifly.png
268,Cascoon,7,205,50,35,55,25,25,15,https://img.pokemondb.net/sprites/sword-shield/icon/cascoon.png
269,Dustox,1,385,60,50,70,50,90,65,https://img.pokemondb.net/sprites/sword-shield/icon/dustox.png
270,Lotad,1,220,40,30,30,40,50,30,https://img.pokemondb.net/sprites/sword-shield/icon/lotad.png
271,Lombre,1,340,60,50,50,60,70,50,https://img.pokemondb.net/sprites/sword-shield/icon/lombre.png
272,Ludicolo,1,480,80,70,70,90,100,70,https://img.pokemondb.net/sprites/sword-shield/icon/ludicolo.png
273,Seedot,5,220,40,40,50,30,30,30,https://img.pokemondb.net/sprites/sword-shield/icon/seedot.png
274,Nuzleaf,5,340,70,70,40,60,40,60,https://img.pokemondb.net/sprites/sword-shield/icon/nuzleaf.png
275,Shiftry,5,480,90,100,60,90,60,80,https://img.pokemondb.net/sprites/sword-shield/icon/shiftry.png
276,Taillow,3,270,40,55,30,30,30,85,https://img.pokemondb.net/sprites/sword-shield/icon/taillow.png
277,Swellow,3,455,60,85,60,75,50,125,https://img.pokemondb.net/sprites/sword-shield/icon/swellow.png
278,Wingull,4,270,40,30,30,55,30,85,https://img.pokemondb.net/sprites/sword-shield/icon/wingull.png
279,Pelipper,6,440,60,50,100,95,70,65,https://img.pokemondb.net/sprites/sword-shield/icon/pelipper.png
280,Ralts,4,198,28,25,25,45,35,40,https://img.pokemondb.net/sprites/sword-shield/icon/ralts.png
281,Kirlia,4,278,38,35,35,65,55,50,https://img.pokemondb.net/sprites/sword-shield/icon/kirlia.png
282,Gardevoir,4,518,68,65,65,125,115,80,https://img.pokemondb.net/sprites/sword-shield/icon/gardevoir.png
283,Surskit,3,269,40,30,32,50,52,65,https://img.pokemondb.net/sprites/sword-shield/icon/surskit.png
284,Masquerain,3,454,70,60,62,100,82,80,https://img.pokemondb.net/sprites/sword-shield/icon/masquerain.png
285,Shroomish,5,295,60,40,60,40,60,35,https://img.pokemondb.net/sprites/sword-shield/icon/shroomish.png
286,Breloom,1,460,60,130,80,60,60,70,https://img.pokemondb.net/sprites/sword-shield/icon/breloom.png
287,Slakoth,5,280,60,60,60,35,35,30,https://img.pokemondb.net/sprites/sword-shield/icon/slakoth.png
288,Vigoroth,4,440,80,80,80,55,55,90,https://img.pokemondb.net/sprites/sword-shield/icon/vigoroth.png
289,Slaking,5,670,150,160,100,95,65,100,https://img.pokemondb.net/sprites/sword-shield/icon/slaking.png
290,Nincada,9,266,31,45,90,30,30,40,https://img.pokemondb.net/sprites/sword-shield/icon/nincada.png
291,Ninjask,6,456,61,90,45,50,50,160,https://img.pokemondb.net/sprites/sword-shield/icon/ninjask.png
292,Shedinja,5,236,1,90,45,30,30,40,https://img.pokemondb.net/sprites/sword-shield/icon/shedinja.png
293,Whismur,8,240,64,51,23,51,23,28,https://img.pokemondb.net/sprites/sword-shield/icon/whismur.png
294,Loudred,3,360,84,71,43,71,43,48,https://img.pokemondb.net/sprites/sword-shield/icon/loudred.png
295,Exploud,3,490,104,91,63,91,73,68,https://img.pokemondb.net/sprites/sword-shield/icon/exploud.png
296,Makuhita,6,237,72,60,30,20,30,25,https://img.pokemondb.net/sprites/sword-shield/icon/makuhita.png
297,Hariyama,5,474,144,120,60,40,60,50,https://img.pokemondb.net/sprites/sword-shield/icon/hariyama.png
298,Azurill,3,190,50,20,40,20,40,20,https://img.pokemondb.net/sprites/sword-shield/icon/azurill.png
299,Nosepass,9,375,30,45,135,45,90,30,https://img.pokemondb.net/sprites/sword-shield/icon/nosepass.png
300,Skitty,8,260,50,45,45,35,35,50,https://img.pokemondb.net/sprites/sword-shield/icon/skitty.png
301,Delcatty,7,400,70,65,65,55,55,90,https://img.pokemondb.net/sprites/sword-shield/icon/delcatty.png
302,Sableye,7,380,50,75,75,65,65,50,https://img.pokemondb.net/sprites/sword-shield/icon/sableye.png
303,Mawile,10,380,50,85,85,55,55,50,https://img.pokemondb.net/sprites/sword-shield/icon/mawile.png
304,Aron,9,330,50,70,100,40,40,30,https://img.pokemondb.net/sprites/sword-shield/icon/aron.png
305,Lairon,9,430,60,90,140,50,50,40,https://img.pokemondb.net/sprites/sword-shield/icon/lairon.png
306,Aggron,9,530,70,110,180,60,60,50,https://img.pokemondb.net/sprites/sword-shield/icon/aggron.png
307,Meditite,3,280,30,40,55,40,55,60,https://img.pokemondb.net/sprites/sword-shield/icon/meditite.png
308,Medicham,2,410,60,60,75,60,75,80,https://img.pokemondb.net/sprites/sword-shield/icon/medicham.png
309,Electrike,1,295,40,45,40,65,40,65,https://img.pokemondb.net/sprites/sword-shield/icon/electrike.png
310,Manectric,6,475,70,75,60,105,60,105,https://img.pokemondb.net/sprites/sword-shield/icon/manectric.png
311,Plusle,6,405,60,50,40,85,75,95,https://img.pokemondb.net/sprites/sword-shield/icon/plusle.png
312,Minun,6,405,60,40,50,75,85,95,https://img.pokemondb.net/sprites/sword-shield/icon/minun.png
313,Volbeat,9,430,65,73,75,47,85,85,https://img.pokemondb.net/sprites/sword-shield/icon/volbeat.png
314,Illumise,7,430,65,47,75,73,85,85,https://img.pokemondb.net/sprites/sword-shield/icon/illumise.png
315,Roselia,1,400,50,60,45,100,80,65,https://img.pokemondb.net/sprites/sword-shield/icon/roselia.png
316,Gulpin,1,302,70,43,53,43,53,40,https://img.pokemondb.net/sprites/sword-shield/icon/gulpin.png
317,Swalot,7,467,100,73,83,73,83,55,https://img.pokemondb.net/sprites/sword-shield/icon/swalot.png
318,Carvanha,2,305,45,90,20,65,20,65,https://img.pokemondb.net/sprites/sword-shield/icon/carvanha.png
319,Sharpedo,3,460,70,120,40,95,40,95,https://img.pokemondb.net/sprites/sword-shield/icon/sharpedo.png
320,Wailmer,3,400,130,70,35,70,35,60,https://img.pokemondb.net/sprites/sword-shield/icon/wailmer.png
321,Wailord,3,500,170,90,45,90,45,60,https://img.pokemondb.net/sprites/sword-shield/icon/wailord.png
322,Numel,6,305,60,60,40,65,45,35,https://img.pokemondb.net/sprites/sword-shield/icon/numel.png
323,Camerupt,2,460,70,100,70,105,75,40,https://img.pokemondb.net/sprites/sword-shield/icon/camerupt.png
324,Torkoal,5,470,70,85,140,85,70,20,https://img.pokemondb.net/sprites/sword-shield/icon/torkoal.png
325,Spoink,10,330,60,25,35,70,80,60,https://img.pokemondb.net/sprites/sword-shield/icon/spoink.png
326,Grumpig,7,470,80,45,65,90,110,80,https://img.pokemondb.net/sprites/sword-shield/icon/grumpig.png
327,Spinda,5,360,60,60,60,60,60,60,https://img.pokemondb.net/sprites/sword-shield/icon/spinda.png
328,Trapinch,5,290,45,100,45,45,45,10,https://img.pokemondb.net/sprites/sword-shield/icon/trapinch.png
329,Vibrava,1,340,50,70,50,50,50,70,https://img.pokemondb.net/sprites/sword-shield/icon/vibrava.png
330,Flygon,1,520,80,100,80,80,80,100,https://img.pokemondb.net/sprites/sword-shield/icon/flygon.png
331,Cacnea,1,335,50,85,40,85,40,35,https://img.pokemondb.net/sprites/sword-shield/icon/cacnea.png
332,Cacturne,1,475,70,115,60,115,60,55,https://img.pokemondb.net/sprites/sword-shield/icon/cacturne.png
333,Swablu,3,310,45,40,60,40,75,50,https://img.pokemondb.net/sprites/sword-shield/icon/swablu.png
334,Altaria,3,490,75,70,90,70,105,80,https://img.pokemondb.net/sprites/sword-shield/icon/altaria.png
335,Zangoose,4,458,73,115,60,60,60,90,https://img.pokemondb.net/sprites/sword-shield/icon/zangoose.png
336,Seviper,10,458,73,100,60,100,60,65,https://img.pokemondb.net/sprites/sword-shield/icon/seviper.png
337,Lunatone,6,460,90,55,65,95,85,70,https://img.pokemondb.net/sprites/sword-shield/icon/lunatone.png
338,Solrock,2,460,90,95,85,55,65,70,https://img.pokemondb.net/sprites/sword-shield/icon/solrock.png
339,Barboach,9,288,50,48,43,46,41,60,https://img.pokemondb.net/sprites/sword-shield/icon/barboach.png
340,Whiscash,3,468,110,78,73,76,71,60,https://img.pokemondb.net/sprites/sword-shield/icon/whiscash.png
341,Corphish,2,308,43,80,65,50,35,35,https://img.pokemondb.net/sprites/sword-shield/icon/corphish.png
342,Crawdaunt,2,468,63,120,85,90,55,55,https://img.pokemondb.net/sprites/sword-shield/icon/crawdaunt.png
343,Baltoy,5,300,40,40,55,40,70,55,https://img.pokemondb.net/sprites/sword-shield/icon/baltoy.png
344,Claydol,10,500,60,70,105,70,120,75,https://img.pokemondb.net/sprites/sword-shield/icon/claydol.png
345,Lileep,7,355,66,41,77,61,87,23,https://img.pokemondb.net/sprites/sword-shield/icon/lileep.png
346,Cradily,1,495,86,81,97,81,107,43,https://img.pokemondb.net/sprites/sword-shield/icon/cradily.png
347,Anorith,9,355,45,95,50,40,50,75,https://img.pokemondb.net/sprites/sword-shield/icon/anorith.png
348,Armaldo,9,495,75,125,100,70,80,45,https://img.pokemondb.net/sprites/sword-shield/icon/armaldo.png
349,Feebas,5,200,20,15,20,10,55,80,https://img.pokemondb.net/sprites/sword-shield/icon/feebas.png
350,Milotic,8,540,95,60,79,100,125,81,https://img.pokemondb.net/sprites/sword-shield/icon/milotic.png
351,Castform,4,420,70,70,70,70,70,70,https://img.pokemondb.net/sprites/sword-shield/icon/castform.png
352,Kecleon,1,440,60,90,70,60,120,40,https://img.pokemondb.net/sprites/sword-shield/icon/kecleon.png
353,Shuppet,10,295,44,75,35,63,33,45,https://img.pokemondb.net/sprites/sword-shield/icon/shuppet.png
354,Banette,10,455,64,115,65,83,63,65,https://img.pokemondb.net/sprites/sword-shield/icon/banette.png
355,Duskull,10,295,20,40,90,30,90,25,https://img.pokemondb.net/sprites/sword-shield/icon/duskull.png
356,Dusclops,10,455,40,70,130,60,130,25,https://img.pokemondb.net/sprites/sword-shield/icon/dusclops.png
357,Tropius,1,460,99,68,83,72,87,51,https://img.pokemondb.net/sprites/sword-shield/icon/tropius.png
358,Chimecho,3,455,75,50,80,95,90,65,https://img.pokemondb.net/sprites/sword-shield/icon/chimecho.png
359,Absol,4,465,65,130,60,75,60,75,https://img.pokemondb.net/sprites/sword-shield/icon/absol.png
360,Wynaut,3,260,95,23,48,23,48,23,https://img.pokemondb.net/sprites/sword-shield/icon/wynaut.png
361,Snorunt,9,300,50,50,50,50,50,50,https://img.pokemondb.net/sprites/sword-shield/icon/snorunt.png
362,Glalie,9,480,80,80,80,80,80,80,https://img.pokemondb.net/sprites/sword-shield/icon/glalie.png
363,Spheal,3,290,70,40,50,55,50,25,https://img.pokemondb.net/sprites/sword-shield/icon/spheal.png
364,Sealeo,3,410,90,60,70,75,70,45,https://img.pokemondb.net/sprites/sword-shield/icon/sealeo.png
365,Walrein,3,530,110,80,90,95,90,65,https://img.pokemondb.net/sprites/sword-shield/icon/walrein.png
366,Clamperl,3,345,35,64,85,74,55,32,https://img.pokemondb.net/sprites/sword-shield/icon/clamperl.png
367,Huntail,3,485,55,104,105,94,75,52,https://img.pokemondb.net/sprites/sword-shield/icon/huntail.png
368,Gorebyss,8,485,55,84,105,114,75,52,https://img.pokemondb.net/sprites/sword-shield/icon/gorebyss.png
369,Relicanth,9,485,100,90,130,45,65,55,https://img.pokemondb.net/sprites/sword-shield/icon/relicanth.png
370,Luvdisc,8,330,43,30,55,40,65,97,https://img.pokemondb.net/sprites/sword-shield/icon/luvdisc.png
371,Bagon,3,300,45,75,60,40,30,50,https://img.pokemondb.net/sprites/sword-shield/icon/bagon.png
372,Shelgon,4,420,65,95,100,60,50,50,https://img.pokemondb.net/sprites/sword-shield/icon/shelgon.png
373,Salamence,3,600,95,135,80,110,80,100,https://img.pokemondb.net/sprites/sword-shield/icon/salamence.png
374,Beldum,3,300,40,55,80,35,60,30,https://img.pokemondb.net/sprites/sword-shield/icon/beldum.png
375,Metang,3,420,60,75,100,55,80,50,https://img.pokemondb.net/sprites/sword-shield/icon/metang.png
376,Metagross,3,600,80,135,130,95,90,70,https://img.pokemondb.net/sprites/sword-shield/icon/metagross.png
377,Regirock,5,580,80,100,200,50,100,50,https://img.pokemondb.net/sprites/sword-shield/icon/regirock.png
378,Regice,3,580,80,50,100,100,200,50,https://img.pokemondb.net/sprites/sword-shield/icon/regice.png
379,Registeel,9,580,80,75,150,75,150,50,https://img.pokemondb.net/sprites/sword-shield/icon/registeel.png
380,Latias,2,600,80,80,90,110,130,110,https://img.pokemondb.net/sprites/sword-shield/icon/latias.png
381,Latios,3,600,80,90,80,130,110,110,https://img.pokemondb.net/sprites/sword-shield/icon/latios.png
382,Kyogre,3,670,100,100,90,150,140,90,https://img.pokemondb.net/sprites/sword-shield/icon/kyogre.png
383,Groudon,2,670,100,150,140,100,90,90,https://img.pokemondb.net/sprites/sword-shield/icon/groudon.png
384,Rayquaza,1,680,105,150,90,150,90,95,https://img.pokemondb.net/sprites/sword-shield/icon/rayquaza.png
385,Jirachi,6,600,100,100,100,100,100,100,https://img.pokemondb.net/sprites/sword-shield/icon/jirachi.png
386,Deoxys,2,600,50,70,160,70,160,90,https://img.pokemondb.net/sprites/sword-shield/icon/deoxys-defense.png
387,Turtwig,1,318,55,68,64,45,55,31,https://img.pokemondb.net/sprites/sword-shield/icon/turtwig.png
388,Grotle,1,405,75,89,85,55,65,36,https://img.pokemondb.net/sprites/sword-shield/icon/grotle.png
389,Torterra,1,525,95,109,105,75,85,56,https://img.pokemondb.net/sprites/sword-shield/icon/torterra.png
390,Chimchar,5,309,44,58,44,58,44,61,https://img.pokemondb.net/sprites/sword-shield/icon/chimchar.png
391,Monferno,5,405,64,78,52,78,52,81,https://img.pokemondb.net/sprites/sword-shield/icon/monferno.png
392,Infernape,5,534,76,104,71,104,71,108,https://img.pokemondb.net/sprites/sword-shield/icon/infernape.png
393,Piplup,3,314,53,51,53,61,56,40,https://img.pokemondb.net/sprites/sword-shield/icon/piplup.png
394,Prinplup,3,405,64,66,68,81,76,50,https://img.pokemondb.net/sprites/sword-shield/icon/prinplup.png
395,Empoleon,3,530,84,86,88,111,101,60,https://img.pokemondb.net/sprites/sword-shield/icon/empoleon.png
396,Starly,5,245,40,55,30,30,30,60,https://img.pokemondb.net/sprites/sword-shield/icon/starly.png
397,Staravia,5,340,55,75,50,40,40,80,https://img.pokemondb.net/sprites/sword-shield/icon/staravia.png
398,Staraptor,5,485,85,120,70,50,60,100,https://img.pokemondb.net/sprites/sword-shield/icon/staraptor.png
399,Bidoof,5,250,59,45,40,35,40,31,https://img.pokemondb.net/sprites/sword-shield/icon/bidoof.png
400,Bibarel,5,410,79,85,60,55,60,71,https://img.pokemondb.net/sprites/sword-shield/icon/bibarel.png
401,Kricketot,2,194,37,25,41,25,41,25,https://img.pokemondb.net/sprites/sword-shield/icon/kricketot.png
402,Kricketune,2,384,77,85,51,55,51,65,https://img.pokemondb.net/sprites/sword-shield/icon/kricketune.png
403,Shinx,3,263,45,65,34,40,34,45,https://img.pokemondb.net/sprites/sword-shield/icon/shinx.png
404,Luxio,3,363,60,85,49,60,49,60,https://img.pokemondb.net/sprites/sword-shield/icon/luxio.png
405,Luxray,3,523,80,120,79,95,79,70,https://img.pokemondb.net/sprites/sword-shield/icon/luxray.png
406,Budew,1,280,40,30,35,50,70,55,https://img.pokemondb.net/sprites/sword-shield/icon/budew.png
407,Roserade,1,515,60,70,65,125,105,90,https://img.pokemondb.net/sprites/sword-shield/icon/roserade.png
408,Cranidos,3,350,67,125,40,30,30,58,https://img.pokemondb.net/sprites/sword-shield/icon/cranidos.png
409,Rampardos,3,495,97,165,60,65,50,58,https://img.pokemondb.net/sprites/sword-shield/icon/rampardos.png
410,Shieldon,9,350,30,42,118,42,88,30,https://img.pokemondb.net/sprites/sword-shield/icon/shieldon.png
411,Bastiodon,9,495,60,52,168,47,138,30,https://img.pokemondb.net/sprites/sword-shield/icon/bastiodon.png
412,Burmy,9,224,40,29,45,29,45,36,https://img.pokemondb.net/sprites/sword-shield/icon/burmy-plant.png
413,Wormadam,9,424,60,59,85,79,105,36,https://img.pokemondb.net/sprites/sword-shield/icon/wormadam-plant.png
414,Mothim,6,424,70,94,50,94,50,66,https://img.pokemondb.net/sprites/sword-shield/icon/mothim.png
415,Combee,6,244,30,30,42,30,42,70,https://img.pokemondb.net/sprites/sword-shield/icon/combee.png
416,Vespiquen,6,474,70,80,102,80,102,40,https://img.pokemondb.net/sprites/sword-shield/icon/vespiquen.png
417,Pachirisu,4,405,60,45,70,45,90,95,https://img.pokemondb.net/sprites/sword-shield/icon/pachirisu.png
418,Buizel,5,330,55,65,35,60,30,85,https://img.pokemondb.net/sprites/sword-shield/icon/buizel.png
419,Floatzel,5,495,85,105,55,85,50,115,https://img.pokemondb.net/sprites/sword-shield/icon/floatzel.png
420,Cherubi,8,275,45,35,45,62,53,35,https://img.pokemondb.net/sprites/sword-shield/icon/cherubi.png
421,Cherrim,8,450,70,60,70,87,78,85,https://img.pokemondb.net/sprites/sword-shield/icon/cherrim.png
422,Shellos,7,325,76,48,48,57,62,34,https://img.pokemondb.net/sprites/sword-shield/icon/shellos.png
423,Gastrodon,7,475,111,83,68,92,82,39,https://img.pokemondb.net/sprites/sword-shield/icon/gastrodon.png
424,Ambipom,7,482,75,100,66,60,66,115,https://img.pokemondb.net/sprites/sword-shield/icon/ambipom.png
425,Drifloon,7,348,90,50,34,60,44,70,https://img.pokemondb.net/sprites/sword-shield/icon/drifloon.png
426,Drifblim,7,498,150,80,44,90,54,80,https://img.pokemondb.net/sprites/sword-shield/icon/drifblim.png
427,Buneary,5,350,55,66,44,44,56,85,https://img.pokemondb.net/sprites/sword-shield/icon/buneary.png
428,Lopunny,5,480,65,76,84,54,96,105,https://img.pokemondb.net/sprites/sword-shield/icon/lopunny.png
429,Mismagius,7,495,60,60,60,105,105,105,https://img.pokemondb.net/sprites/sword-shield/icon/mismagius.png
430,Honchkrow,10,505,100,125,52,105,52,71,https://img.pokemondb.net/sprites/sword-shield/icon/honchkrow.png
431,Glameow,9,310,49,55,42,42,37,85,https://img.pokemondb.net/sprites/sword-shield/icon/glameow.png
432,Purugly,9,452,71,82,64,64,59,112,https://img.pokemondb.net/sprites/sword-shield/icon/purugly.png
433,Chingling,6,285,45,30,50,65,50,45,https://img.pokemondb.net/sprites/sword-shield/icon/chingling.png
434,Stunky,7,329,63,63,47,41,41,74,https://img.pokemondb.net/sprites/sword-shield/icon/stunky.png
435,Skuntank,7,479,103,93,67,71,61,84,https://img.pokemondb.net/sprites/sword-shield/icon/skuntank.png
436,Bronzor,1,300,57,24,86,24,86,23,https://img.pokemondb.net/sprites/sword-shield/icon/bronzor.png
437,Bronzong,1,500,67,89,116,79,116,33,https://img.pokemondb.net/sprites/sword-shield/icon/bronzong.png
438,Bonsly,5,290,50,80,95,10,45,10,https://img.pokemondb.net/sprites/sword-shield/icon/bonsly.png
439,Mime Jr.,8,310,20,25,45,70,90,60,https://img.pokemondb.net/sprites/sword-shield/icon/mime-jr.png
440,Happiny,8,220,100,5,5,15,65,30,https://img.pokemondb.net/sprites/sword-shield/icon/happiny.png
441,Chatot,10,411,76,65,45,92,42,91,https://img.pokemondb.net/sprites/sword-shield/icon/chatot.png
442,Spiritomb,7,485,50,92,108,92,108,35,https://img.pokemondb.net/sprites/sword-shield/icon/spiritomb.png
443,Gible,3,300,58,70,45,40,45,42,https://img.pokemondb.net/sprites/sword-shield/icon/gible.png
444,Gabite,3,410,68,90,65,50,55,82,https://img.pokemondb.net/sprites/sword-shield/icon/gabite.png
445,Garchomp,3,600,108,130,95,80,85,102,https://img.pokemondb.net/sprites/sword-shield/icon/garchomp.png
446,Munchlax,10,390,135,85,40,40,85,5,https://img.pokemondb.net/sprites/sword-shield/icon/munchlax.png
447,Riolu,3,285,40,70,40,35,40,60,https://img.pokemondb.net/sprites/sword-shield/icon/riolu.png
448,Lucario,3,525,70,110,70,115,70,90,https://img.pokemondb.net/sprites/sword-shield/icon/lucario.png
449,Hippopotas,5,330,68,72,78,38,42,32,https://img.pokemondb.net/sprites/sword-shield/icon/hippopotas.png
450,Hippowdon,5,525,108,112,118,68,72,47,https://img.pokemondb.net/sprites/sword-shield/icon/hippowdon.png
451,Skorupi,7,330,40,50,90,30,55,65,https://img.pokemondb.net/sprites/sword-shield/icon/skorupi.png
452,Drapion,7,500,70,90,110,60,75,95,https://img.pokemondb.net/sprites/sword-shield/icon/drapion.png
453,Croagunk,3,300,48,61,40,61,40,50,https://img.pokemondb.net/sprites/sword-shield/icon/croagunk.png
454,Toxicroak,3,490,83,106,65,86,65,85,https://img.pokemondb.net/sprites/sword-shield/icon/toxicroak.png
455,Carnivine,1,454,74,100,72,90,72,46,https://img.pokemondb.net/sprites/sword-shield/icon/carnivine.png
456,Finneon,3,330,49,49,56,49,61,66,https://img.pokemondb.net/sprites/sword-shield/icon/finneon.png
457,Lumineon,3,460,69,69,76,69,86,91,https://img.pokemondb.net/sprites/sword-shield/icon/lumineon.png
458,Mantyke,3,345,45,20,50,60,120,50,https://img.pokemondb.net/sprites/sword-shield/icon/mantyke.png
459,Snover,4,334,60,62,50,62,60,40,https://img.pokemondb.net/sprites/sword-shield/icon/snover.png
460,Abomasnow,4,494,90,92,75,92,85,60,https://img.pokemondb.net/sprites/sword-shield/icon/abomasnow.png
461,Weavile,10,510,70,120,65,45,85,125,https://img.pokemondb.net/sprites/sword-shield/icon/weavile.png
462,Magnezone,9,535,70,70,115,130,90,60,https://img.pokemondb.net/sprites/sword-shield/icon/magnezone.png
463,Lickilicky,8,515,110,85,95,80,95,50,https://img.pokemondb.net/sprites/sword-shield/icon/lickilicky.png
464,Rhyperior,9,535,115,140,130,55,55,40,https://img.pokemondb.net/sprites/sword-shield/icon/rhyperior.png
465,Tangrowth,3,535,100,100,125,110,50,50,https://img.pokemondb.net/sprites/sword-shield/icon/tangrowth.png
466,Electivire,6,540,75,123,67,95,85,95,https://img.pokemondb.net/sprites/sword-shield/icon/electivire.png
467,Magmortar,2,540,75,95,67,125,95,83,https://img.pokemondb.net/sprites/sword-shield/icon/magmortar.png
468,Togekiss,4,545,85,50,95,120,115,80,https://img.pokemondb.net/sprites/sword-shield/icon/togekiss.png
469,Yanmega,1,515,86,76,86,116,56,95,https://img.pokemondb.net/sprites/sword-shield/icon/yanmega.png
470,Leafeon,1,525,65,110,130,60,65,95,https://img.pokemondb.net/sprites/sword-shield/icon/leafeon.png
471,Glaceon,3,525,65,60,110,130,95,65,https://img.pokemondb.net/sprites/sword-shield/icon/glaceon.png
472,Gliscor,7,510,75,95,125,45,75,95,https://img.pokemondb.net/sprites/sword-shield/icon/gliscor.png
473,Mamoswine,5,530,110,130,80,70,60,80,https://img.pokemondb.net/sprites/sword-shield/icon/mamoswine.png
474,Porygon-Z,2,535,85,80,70,135,75,90,https://img.pokemondb.net/sprites/sword-shield/icon/porygon-z.png
475,Gallade,4,518,68,125,65,65,115,80,https://img.pokemondb.net/sprites/sword-shield/icon/gallade.png
476,Probopass,9,525,60,55,145,75,150,40,https://img.pokemondb.net/sprites/sword-shield/icon/probopass.png
477,Dusknoir,10,525,45,100,135,65,135,45,https://img.pokemondb.net/sprites/sword-shield/icon/dusknoir.png
478,Froslass,4,480,70,80,70,80,70,110,https://img.pokemondb.net/sprites/sword-shield/icon/froslass.png
479,Rotom,2,440,50,50,77,95,77,91,https://img.pokemondb.net/sprites/sword-shield/icon/rotom.png
480,Uxie,6,580,75,75,130,75,130,95,https://img.pokemondb.net/sprites/sword-shield/icon/uxie.png
481,Mesprit,8,580,80,105,105,105,105,80,https://img.pokemondb.net/sprites/sword-shield/icon/mesprit.png
482,Azelf,3,580,75,125,70,125,70,115,https://img.pokemondb.net/sprites/sword-shield/icon/azelf.png
483,Dialga,4,680,100,120,120,150,100,90,https://img.pokemondb.net/sprites/sword-shield/icon/dialga.png
484,Palkia,7,680,90,120,100,150,120,100,https://img.pokemondb.net/sprites/sword-shield/icon/palkia.png
485,Heatran,5,600,91,90,106,130,106,77,https://img.pokemondb.net/sprites/sword-shield/icon/heatran.png
486,Regigigas,4,670,110,160,110,80,110,100,https://img.pokemondb.net/sprites/sword-shield/icon/regigigas.png
487,Giratina,10,680,150,120,100,120,100,90,https://img.pokemondb.net/sprites/sword-shield/icon/giratina-origin.png
488,Cresselia,6,600,120,70,120,75,130,85,https://img.pokemondb.net/sprites/sword-shield/icon/cresselia.png
489,Phione,3,480,80,80,80,80,80,80,https://img.pokemondb.net/sprites/sword-shield/icon/phione.png
490,Manaphy,3,600,100,100,100,100,100,100,https://img.pokemondb.net/sprites/sword-shield/icon/manaphy.png
491,Darkrai,10,600,70,90,90,135,90,125,https://img.pokemondb.net/sprites/sword-shield/icon/darkrai.png
492,Shaymin,1,600,100,100,100,100,100,100,https://img.pokemondb.net/sprites/sword-shield/icon/shaymin-land.png
493,Arceus,9,720,120,120,120,120,120,120,https://img.pokemondb.net/sprites/sword-shield/icon/arceus.png
494,Victini,6,600,100,100,100,100,100,100,https://img.pokemondb.net/sprites/sword-shield/icon/victini.png
495,Snivy,1,308,45,45,55,45,55,63,https://img.pokemondb.net/sprites/sword-shield/icon/snivy.png
496,Servine,1,413,60,60,75,60,75,83,https://img.pokemondb.net/sprites/sword-shield/icon/servine.png
497,Serperior,1,528,75,75,95,75,95,113,https://img.pokemondb.net/sprites/sword-shield/icon/serperior.png
498,Tepig,2,308,65,63,45,45,45,45,https://img.pokemondb.net/sprites/sword-shield/icon/tepig.png
499,Pignite,2,418,90,93,55,70,55,55,https://img.pokemondb.net/sprites/sword-shield/icon/pignite.png
500,Emboar,2,528,110,123,65,100,65,65,https://img.pokemondb.net/sprites/sword-shield/icon/emboar.png
501,Oshawott,3,308,55,55,45,63,45,45,https://img.pokemondb.net/sprites/sword-shield/icon/oshawott.png
502,Dewott,3,413,75,75,60,83,60,60,https://img.pokemondb.net/sprites/sword-shield/icon/dewott.png
503,Samurott,3,528,95,100,85,108,70,70,https://img.pokemondb.net/sprites/sword-shield/icon/samurott.png
504,Patrat,5,255,45,55,39,35,39,42,https://img.pokemondb.net/sprites/sword-shield/icon/patrat.png
505,Watchog,5,420,60,85,69,60,69,77,https://img.pokemondb.net/sprites/sword-shield/icon/watchog.png
506,Lillipup,5,275,45,60,45,25,45,55,https://img.pokemondb.net/sprites/sword-shield/icon/lillipup.png
507,Herdier,9,370,65,80,65,35,65,60,https://img.pokemondb.net/sprites/sword-shield/icon/herdier.png
508,Stoutland,9,500,85,110,90,45,90,80,https://img.pokemondb.net/sprites/sword-shield/icon/stoutland.png
509,Purrloin,7,281,41,50,37,50,37,66,https://img.pokemondb.net/sprites/sword-shield/icon/purrloin.png
510,Liepard,7,446,64,88,50,88,50,106,https://img.pokemondb.net/sprites/sword-shield/icon/liepard.png
511,Pansage,1,316,50,53,48,53,48,64,https://img.pokemondb.net/sprites/sword-shield/icon/pansage.png
512,Simisage,1,498,75,98,63,98,63,101,https://img.pokemondb.net/sprites/sword-shield/icon/simisage.png
513,Pansear,2,316,50,53,48,53,48,64,https://img.pokemondb.net/sprites/sword-shield/icon/pansear.png
514,Simisear,2,498,75,98,63,98,63,101,https://img.pokemondb.net/sprites/sword-shield/icon/simisear.png
515,Panpour,3,316,50,53,48,53,48,64,https://img.pokemondb.net/sprites/sword-shield/icon/panpour.png
516,Simipour,3,498,75,98,63,98,63,101,https://img.pokemondb.net/sprites/sword-shield/icon/simipour.png
517,Munna,8,292,76,25,45,67,55,24,https://img.pokemondb.net/sprites/sword-shield/icon/munna.png
518,Musharna,8,487,116,55,85,107,95,29,https://img.pokemondb.net/sprites/sword-shield/icon/musharna.png
519,Pidove,9,264,50,55,50,36,30,43,https://img.pokemondb.net/sprites/sword-shield/icon/pidove.png
520,Tranquill,9,358,62,77,62,50,42,65,https://img.pokemondb.net/sprites/sword-shield/icon/tranquill.png
521,Unfezant,9,488,80,115,80,65,55,93,https://img.pokemondb.net/sprites/sword-shield/icon/unfezant.png
522,Blitzle,10,295,45,60,32,50,32,76,https://img.pokemondb.net/sprites/sword-shield/icon/blitzle.png
523,Zebstrika,10,497,75,100,63,80,63,116,https://img.pokemondb.net/sprites/sword-shield/icon/zebstrika.png
524,Roggenrola,3,280,55,75,85,25,25,15,https://img.pokemondb.net/sprites/sword-shield/icon/roggenrola.png
525,Boldore,3,390,70,105,105,50,40,20,https://img.pokemondb.net/sprites/sword-shield/icon/boldore.png
526,Gigalith,3,515,85,135,130,60,80,25,https://img.pokemondb.net/sprites/sword-shield/icon/gigalith.png
527,Woobat,3,323,65,45,43,55,43,72,https://img.pokemondb.net/sprites/sword-shield/icon/woobat.png
528,Swoobat,3,425,67,57,55,77,55,114,https://img.pokemondb.net/sprites/sword-shield/icon/swoobat.png
529,Drilbur,9,328,60,85,40,30,45,68,https://img.pokemondb.net/sprites/sword-shield/icon/drilbur.png
530,Excadrill,9,508,110,135,60,50,65,88,https://img.pokemondb.net/sprites/sword-shield/icon/excadrill.png
531,Audino,8,445,103,60,86,60,86,50,https://img.pokemondb.net/sprites/sword-shield/icon/audino.png
532,Timburr,9,305,75,80,55,25,35,35,https://img.pokemondb.net/sprites/sword-shield/icon/timburr.png
533,Gurdurr,9,405,85,105,85,40,50,40,https://img.pokemondb.net/sprites/sword-shield/icon/gurdurr.png
534,Conkeldurr,9,505,105,140,95,55,65,45,https://img.pokemondb.net/sprites/sword-shield/icon/conkeldurr.png
535,Tympole,3,294,50,50,40,50,40,64,https://img.pokemondb.net/sprites/sword-shield/icon/tympole.png
536,Palpitoad,3,384,75,65,55,65,55,69,https://img.pokemondb.net/sprites/sword-shield/icon/palpitoad.png
537,Seismitoad,3,509,105,95,75,85,75,74,https://img.pokemondb.net/sprites/sword-shield/icon/seismitoad.png
538,Throh,2,465,120,100,85,30,85,45,https://img.pokemondb.net/sprites/sword-shield/icon/throh.png
539,Sawk,3,465,75,125,75,30,75,85,https://img.pokemondb.net/sprites/sword-shield/icon/sawk.png
540,Sewaddle,6,310,45,53,70,40,60,42,https://img.pokemondb.net/sprites/sword-shield/icon/sewaddle.png
541,Swadloon,1,380,55,63,90,50,80,42,https://img.pokemondb.net/sprites/sword-shield/icon/swadloon.png
542,Leavanny,6,500,75,103,80,70,80,92,https://img.pokemondb.net/sprites/sword-shield/icon/leavanny.png
543,Venipede,2,260,30,45,59,30,39,57,https://img.pokemondb.net/sprites/sword-shield/icon/venipede.png
544,Whirlipede,9,360,40,55,99,40,79,47,https://img.pokemondb.net/sprites/sword-shield/icon/whirlipede.png
545,Scolipede,2,485,60,100,89,55,69,112,https://img.pokemondb.net/sprites/sword-shield/icon/scolipede.png
546,Cottonee,1,280,40,27,60,37,50,66,https://img.pokemondb.net/sprites/sword-shield/icon/cottonee.png
547,Whimsicott,1,480,60,67,85,77,75,116,https://img.pokemondb.net/sprites/sword-shield/icon/whimsicott.png
548,Petilil,1,280,45,35,50,70,50,30,https://img.pokemondb.net/sprites/sword-shield/icon/petilil.png
549,Lilligant,1,480,70,60,75,110,75,90,https://img.pokemondb.net/sprites/sword-shield/icon/lilligant.png
550,Basculin,1,460,70,92,65,80,55,98,https://img.pokemondb.net/s.png
551,Sandile,5,292,50,72,35,35,35,65,https://img.pokemondb.net/sprites/sword-shield/icon/sandile.png
552,Krokorok,5,351,60,82,45,45,45,74,https://img.pokemondb.net/sprites/sword-shield/icon/krokorok.png
553,Krookodile,2,519,95,117,80,65,70,92,https://img.pokemondb.net/sprites/sword-shield/icon/krookodile.png
554,Darumaka,2,315,70,90,45,15,45,50,https://img.pokemondb.net/sprites/sword-shield/icon/darumaka.png
555,Darmanitan,2,480,105,140,55,30,55,95,https://img.pokemondb.net/sprites/sword-shield/icon/darmanitan-standard.png
556,Maractus,1,461,75,86,67,106,67,60,https://img.pokemondb.net/sprites/sword-shield/icon/maractus.png
557,Dwebble,2,325,50,65,85,35,35,55,https://img.pokemondb.net/sprites/sword-shield/icon/dwebble.png
558,Crustle,2,485,70,105,125,65,75,45,https://img.pokemondb.net/sprites/sword-shield/icon/crustle.png
559,Scraggy,6,348,50,75,70,35,70,48,https://img.pokemondb.net/sprites/sword-shield/icon/scraggy.png
560,Scrafty,2,488,65,90,115,45,115,58,https://img.pokemondb.net/sprites/sword-shield/icon/scrafty.png
561,Sigilyph,10,490,72,58,80,103,80,97,https://img.pokemondb.net/sprites/sword-shield/icon/sigilyph.png
562,Yamask,10,303,38,30,85,55,65,30,https://img.pokemondb.net/sprites/sword-shield/icon/yamask.png
563,Cofagrigus,6,483,58,50,145,95,105,30,https://img.pokemondb.net/sprites/sword-shield/icon/cofagrigus.png
564,Tirtouga,3,355,54,78,103,53,45,22,https://img.pokemondb.net/sprites/sword-shield/icon/tirtouga.png
565,Carracosta,3,495,74,108,133,83,65,32,https://img.pokemondb.net/sprites/sword-shield/icon/carracosta.png
566,Archen,6,401,55,112,45,74,45,70,https://img.pokemondb.net/sprites/sword-shield/icon/archen.png
567,Archeops,6,567,75,140,65,112,65,110,https://img.pokemondb.net/sprites/sword-shield/icon/archeops.png
568,Trubbish,1,329,50,50,62,40,62,65,https://img.pokemondb.net/sprites/sword-shield/icon/trubbish.png
569,Garbodor,1,474,80,95,82,60,82,75,https://img.pokemondb.net/sprites/sword-shield/icon/garbodor.png
570,Zorua,9,330,40,65,40,80,40,65,https://img.pokemondb.net/sprites/sword-shield/icon/zorua.png
571,Zoroark,9,510,60,105,60,120,60,105,https://img.pokemondb.net/sprites/sword-shield/icon/zoroark.png
572,Minccino,9,300,55,50,40,40,40,75,https://img.pokemondb.net/sprites/sword-shield/icon/minccino.png
573,Cinccino,9,470,75,95,60,65,60,115,https://img.pokemondb.net/sprites/sword-shield/icon/cinccino.png
574,Gothita,7,290,45,30,50,55,65,45,https://img.pokemondb.net/sprites/sword-shield/icon/gothita.png
575,Gothorita,7,390,60,45,70,75,85,55,https://img.pokemondb.net/sprites/sword-shield/icon/gothorita.png
576,Gothitelle,7,490,70,55,95,95,110,65,https://img.pokemondb.net/sprites/sword-shield/icon/gothitelle.png
577,Solosis,1,290,45,30,40,105,50,20,https://img.pokemondb.net/sprites/sword-shield/icon/solosis.png
578,Duosion,1,370,65,40,50,125,60,30,https://img.pokemondb.net/sprites/sword-shield/icon/duosion.png
579,Reuniclus,1,490,110,65,75,125,85,30,https://img.pokemondb.net/sprites/sword-shield/icon/reuniclus.png
580,Ducklett,3,305,62,44,50,44,50,55,https://img.pokemondb.net/sprites/sword-shield/icon/ducklett.png
581,Swanna,4,473,75,87,63,87,63,98,https://img.pokemondb.net/sprites/sword-shield/icon/swanna.png
582,Vanillite,4,305,36,50,50,65,60,44,https://img.pokemondb.net/sprites/sword-shield/icon/vanillite.png
583,Vanillish,4,395,51,65,65,80,75,59,https://img.pokemondb.net/sprites/sword-shield/icon/vanillish.png
584,Vanilluxe,4,535,71,95,85,110,95,79,https://img.pokemondb.net/sprites/sword-shield/icon/vanilluxe.png
585,Deerling,6,335,60,60,50,40,50,75,https://img.pokemondb.net/sprites/sword-shield/icon/deerling.png
586,Sawsbuck,5,475,80,100,70,60,70,95,https://img.pokemondb.net/sprites/sword-shield/icon/sawsbuck.png
587,Emolga,4,428,55,75,60,75,60,103,https://img.pokemondb.net/sprites/sword-shield/icon/emolga.png
588,Karrablast,3,315,50,75,45,40,45,60,https://img.pokemondb.net/sprites/sword-shield/icon/karrablast.png
589,Escavalier,9,495,70,135,105,60,105,20,https://img.pokemondb.net/sprites/sword-shield/icon/escavalier.png
590,Foongus,4,294,69,55,45,55,55,15,https://img.pokemondb.net/sprites/sword-shield/icon/foongus.png
591,Amoonguss,9,464,114,85,70,85,80,30,https://img.pokemondb.net/sprites/sword-shield/icon/amoonguss.png
592,Frillish,4,335,55,40,50,65,85,40,https://img.pokemondb.net/sprites/sword-shield/icon/frillish.png
593,Jellicent,4,480,100,60,70,85,105,60,https://img.pokemondb.net/sprites/sword-shield/icon/jellicent.png
594,Alomomola,8,470,165,75,80,40,45,65,https://img.pokemondb.net/sprites/sword-shield/icon/alomomola.png
595,Joltik,6,319,50,47,50,57,50,65,https://img.pokemondb.net/sprites/sword-shield/icon/joltik.png
596,Galvantula,6,472,70,77,60,97,60,108,https://img.pokemondb.net/sprites/sword-shield/icon/galvantula.png
597,Ferroseed,9,305,44,50,91,24,86,10,https://img.pokemondb.net/sprites/sword-shield/icon/ferroseed.png
598,Ferrothorn,9,489,74,94,131,54,116,20,https://img.pokemondb.net/sprites/sword-shield/icon/ferrothorn.png
599,Klink,9,300,40,55,70,45,60,30,https://img.pokemondb.net/sprites/sword-shield/icon/klink.png
600,Klang,9,440,60,80,95,70,85,50,https://img.pokemondb.net/sprites/sword-shield/icon/klang.png
601,Klinklang,9,520,60,100,115,70,85,90,https://img.pokemondb.net/sprites/sword-shield/icon/klinklang.png
602,Tynamo,4,275,35,55,40,45,40,60,https://img.pokemondb.net/sprites/sword-shield/icon/tynamo.png
603,Eelektrik,3,405,65,85,70,75,70,40,https://img.pokemondb.net/sprites/sword-shield/icon/eelektrik.png
604,Eelektross,3,515,85,115,80,105,80,50,https://img.pokemondb.net/sprites/sword-shield/icon/eelektross.png
605,Elgyem,9,335,55,55,55,85,55,30,https://img.pokemondb.net/sprites/sword-shield/icon/elgyem.png
606,Beheeyem,5,485,75,75,75,125,95,40,https://img.pokemondb.net/sprites/sword-shield/icon/beheeyem.png
607,Litwick,4,275,50,30,55,65,55,20,https://img.pokemondb.net/sprites/sword-shield/icon/litwick.png
608,Lampent,10,370,60,40,60,95,60,55,https://img.pokemondb.net/sprites/sword-shield/icon/lampent.png
609,Chandelure,10,520,60,55,90,145,90,80,https://img.pokemondb.net/sprites/sword-shield/icon/chandelure.png
610,Axew,1,320,46,87,60,30,40,57,https://img.pokemondb.net/sprites/sword-shield/icon/axew.png
611,Fraxure,1,410,66,117,70,40,50,67,https://img.pokemondb.net/sprites/sword-shield/icon/fraxure.png
612,Haxorus,6,540,76,147,90,60,70,97,https://img.pokemondb.net/sprites/sword-shield/icon/haxorus.png
613,Cubchoo,3,305,55,70,40,60,40,40,https://img.pokemondb.net/sprites/sword-shield/icon/cubchoo.png
614,Beartic,4,505,95,130,80,70,80,50,https://img.pokemondb.net/sprites/sword-shield/icon/beartic.png
615,Cryogonal,3,515,80,50,50,95,135,105,https://img.pokemondb.net/sprites/sword-shield/icon/cryogonal.png
616,Shelmet,2,305,50,40,85,40,65,25,https://img.pokemondb.net/sprites/sword-shield/icon/shelmet.png
617,Accelgor,2,495,80,70,40,100,60,145,https://img.pokemondb.net/sprites/sword-shield/icon/accelgor.png
618,Stunfisk,5,471,109,66,84,81,99,32,https://img.pokemondb.net/sprites/sword-shield/icon/stunfisk.png
619,Mienfoo,6,350,45,85,50,55,50,65,https://img.pokemondb.net/sprites/sword-shield/icon/mienfoo.png
620,Mienshao,7,510,65,125,60,95,60,105,https://img.pokemondb.net/sprites/sword-shield/icon/mienshao.png
621,Druddigon,2,485,77,120,90,60,90,48,https://img.pokemondb.net/sprites/sword-shield/icon/druddigon.png
622,Golett,1,303,59,74,50,35,50,35,https://img.pokemondb.net/sprites/sword-shield/icon/golett.png
623,Golurk,1,483,89,124,80,55,80,55,https://img.pokemondb.net/sprites/sword-shield/icon/golurk.png
624,Pawniard,2,340,45,85,70,40,40,60,https://img.pokemondb.net/sprites/sword-shield/icon/pawniard.png
625,Bisharp,2,490,65,125,100,60,70,70,https://img.pokemondb.net/sprites/sword-shield/icon/bisharp.png
626,Bouffalant,5,490,95,110,95,40,95,55,https://img.pokemondb.net/sprites/sword-shield/icon/bouffalant.png
627,Rufflet,4,350,70,83,50,37,50,60,https://img.pokemondb.net/sprites/sword-shield/icon/rufflet.png
628,Braviary,2,510,100,123,75,57,75,80,https://img.pokemondb.net/sprites/sword-shield/icon/braviary.png
629,Vullaby,5,370,70,55,75,45,65,60,https://img.pokemondb.net/sprites/sword-shield/icon/vullaby.png
630,Mandibuzz,5,510,110,65,105,55,95,80,https://img.pokemondb.net/sprites/sword-shield/icon/mandibuzz.png
631,Heatmor,2,484,85,97,66,105,66,65,https://img.pokemondb.net/sprites/sword-shield/icon/heatmor.png
632,Durant,9,484,58,109,112,48,48,109,https://img.pokemondb.net/sprites/sword-shield/icon/durant.png
633,Deino,3,300,52,65,50,45,50,38,https://img.pokemondb.net/sprites/sword-shield/icon/deino.png
634,Zweilous,3,420,72,85,70,65,70,58,https://img.pokemondb.net/sprites/sword-shield/icon/zweilous.png
635,Hydreigon,3,600,92,105,90,125,90,98,https://img.pokemondb.net/sprites/sword-shield/icon/hydreigon.png
636,Larvesta,4,360,55,85,55,50,55,60,https://img.pokemondb.net/sprites/sword-shield/icon/larvesta.png
637,Volcarona,4,550,85,60,65,135,105,100,https://img.pokemondb.net/sprites/sword-shield/icon/volcarona.png
638,Cobalion,3,580,91,90,129,90,72,108,https://img.pokemondb.net/sprites/sword-shield/icon/cobalion.png
639,Terrakion,9,580,91,129,90,72,90,108,https://img.pokemondb.net/sprites/sword-shield/icon/terrakion.png
640,Virizion,1,580,91,90,72,90,129,108,https://img.pokemondb.net/sprites/sword-shield/icon/virizion.png
641,Tornadus,1,580,79,115,70,125,80,111,https://img.pokemondb.net/sprites/sword-shield/icon/tornadus-incarnate.png
642,Thundurus,3,580,79,105,70,145,80,101,https://img.pokemondb.net/sprites/sword-shield/icon/thundurus-therian.png
643,Reshiram,4,680,100,120,100,150,120,90,https://img.pokemondb.net/sprites/sword-shield/icon/reshiram.png
644,Zekrom,10,680,100,150,120,120,100,90,https://img.pokemondb.net/sprites/sword-shield/icon/zekrom.png
645,Landorus,5,600,89,125,90,115,80,101,https://img.pokemondb.net/sprites/sword-shield/icon/landorus-incarnate.png
646,Kyurem,9,660,125,130,90,130,90,95,https://img.pokemondb.net/sprites/sword-shield/icon/kyurem.png
647,Keldeo,6,580,91,72,90,129,90,108,https://img.pokemondb.net/sprites/sword-shield/icon/keldeo-ordinary.png
648,Meloetta,4,600,100,128,90,77,77,128,https://img.pokemondb.net/sprites/sword-shield/icon/meloetta-pirouette.png
649,Genesect,7,600,71,120,95,120,95,99,https://img.pokemondb.net/sprites/sword-shield/icon/genesect.png
650,Chespin,1,313,56,61,65,48,45,38,https://img.pokemondb.net/sprites/sword-shield/icon/chespin.png
651,Quilladin,1,405,61,78,95,56,58,57,https://img.pokemondb.net/sprites/sword-shield/icon/quilladin.png
652,Chesnaught,1,530,88,107,122,74,75,64,https://img.pokemondb.net/sprites/sword-shield/icon/chesnaught.png
653,Fennekin,2,307,40,45,40,62,60,60,https://img.pokemondb.net/sprites/sword-shield/icon/fennekin.png
654,Braixen,2,409,59,59,58,90,70,73,https://img.pokemondb.net/sprites/sword-shield/icon/braixen.png
655,Delphox,2,534,75,69,72,114,100,104,https://img.pokemondb.net/sprites/sword-shield/icon/delphox.png
656,Froakie,3,314,41,56,40,62,44,71,https://img.pokemondb.net/sprites/sword-shield/icon/froakie.png
657,Frogadier,3,405,54,63,52,83,56,97,https://img.pokemondb.net/sprites/sword-shield/icon/frogadier.png
658,Greninja,3,530,72,95,67,103,71,122,https://img.pokemondb.net/sprites/sword-shield/icon/greninja.png
659,Bunnelby,5,237,38,36,38,32,36,57,https://img.pokemondb.net/sprites/sword-shield/icon/bunnelby.png
660,Diggersby,5,423,85,56,77,50,77,78,https://img.pokemondb.net/sprites/sword-shield/icon/diggersby.png
661,Fletchling,2,278,45,50,43,40,38,62,https://img.pokemondb.net/sprites/sword-shield/icon/fletchling.png
662,Fletchinder,2,382,62,73,55,56,52,84,https://img.pokemondb.net/sprites/sword-shield/icon/fletchinder.png
663,Talonflame,2,499,78,81,71,74,69,126,https://img.pokemondb.net/sprites/sword-shield/icon/talonflame.png
664,Scatterbug,10,200,38,35,40,27,25,35,https://img.pokemondb.net/sprites/sword-shield/icon/scatterbug.png
665,Spewpa,10,213,45,22,60,27,30,29,https://img.pokemondb.net/sprites/sword-shield/icon/spewpa.png
666,Vivillon,10,411,80,52,50,90,50,89,https://img.pokemondb.net/sprites/sword-shield/icon/vivillon.png
667,Litleo,5,369,62,50,58,73,54,72,https://img.pokemondb.net/sprites/sword-shield/icon/litleo.png
668,Pyroar,5,507,86,68,72,109,66,106,https://img.pokemondb.net/sprites/sword-shield/icon/pyroar.png
669,Flabébé,4,303,44,38,39,61,79,42,https://img.pokemondb.net/sprites/sword-shield/icon/flabebe.png
670,Floette,4,371,54,45,47,75,98,52,https://img.pokemondb.net/sprites/sword-shield/icon/floette.png
671,Florges,4,552,78,65,68,112,154,75,https://img.pokemondb.net/sprites/sword-shield/icon/florges.png
672,Skiddo,5,350,66,65,48,62,57,52,https://img.pokemondb.net/sprites/sword-shield/icon/skiddo.png
673,Gogoat,5,531,123,100,62,97,81,68,https://img.pokemondb.net/sprites/sword-shield/icon/gogoat.png
674,Pancham,4,348,67,82,62,46,48,43,https://img.pokemondb.net/sprites/sword-shield/icon/pancham.png
675,Pangoro,4,495,95,124,78,69,71,58,https://img.pokemondb.net/sprites/sword-shield/icon/pangoro.png
676,Furfrou,4,472,75,80,60,65,90,102,https://img.pokemondb.net/sprites/sword-shield/icon/furfrou.png
677,Espurr,9,355,62,48,54,63,60,68,https://img.pokemondb.net/sprites/sword-shield/icon/espurr.png
678,Meowstic,4,466,74,48,76,83,81,104,https://img.pokemondb.net/sprites/sword-shield/icon/meowstic-male.png
679,Honedge,5,325,45,80,100,35,37,28,https://img.pokemondb.net/sprites/sword-shield/icon/honedge.png
680,Doublade,5,448,59,110,150,45,49,35,https://img.pokemondb.net/sprites/sword-shield/icon/doublade.png
681,Aegislash,5,500,60,50,140,50,140,60,https://img.pokemondb.net/sprites/sword-shield/icon/aegislash-shield.png
682,Spritzee,8,341,78,52,60,63,65,23,https://img.pokemondb.net/sprites/sword-shield/icon/spritzee.png
683,Aromatisse,8,462,101,72,72,99,89,29,https://img.pokemondb.net/sprites/sword-shield/icon/aromatisse.png
684,Swirlix,4,341,62,48,66,59,57,49,https://img.pokemondb.net/sprites/sword-shield/icon/swirlix.png
685,Slurpuff,4,480,82,80,86,85,75,72,https://img.pokemondb.net/sprites/sword-shield/icon/slurpuff.png
686,Inkay,3,288,53,54,53,37,46,45,https://img.pokemondb.net/sprites/sword-shield/icon/inkay.png
687,Malamar,3,482,86,92,88,68,75,73,https://img.pokemondb.net/sprites/sword-shield/icon/malamar.png
688,Binacle,5,306,42,52,67,39,56,50,https://img.pokemondb.net/sprites/sword-shield/icon/binacle.png
689,Barbaracle,5,500,72,105,115,54,86,68,https://img.pokemondb.net/sprites/sword-shield/icon/barbaracle.png
690,Skrelp,5,320,50,60,60,60,60,30,https://img.pokemondb.net/sprites/sword-shield/icon/skrelp.png
691,Dragalge,5,494,65,75,90,97,123,44,https://img.pokemondb.net/sprites/sword-shield/icon/dragalge.png
692,Clauncher,3,330,50,53,62,58,63,44,https://img.pokemondb.net/sprites/sword-shield/icon/clauncher.png
693,Clawitzer,3,500,71,73,88,120,89,59,https://img.pokemondb.net/sprites/sword-shield/icon/clawitzer.png
694,Helioptile,6,289,44,38,33,61,43,70,https://img.pokemondb.net/sprites/sword-shield/icon/helioptile.png
695,Heliolisk,6,481,62,55,52,109,94,109,https://img.pokemondb.net/sprites/sword-shield/icon/heliolisk.png
696,Tyrunt,5,362,58,89,77,45,45,48,https://img.pokemondb.net/sprites/sword-shield/icon/tyrunt.png
697,Tyrantrum,2,521,82,121,119,69,59,71,https://img.pokemondb.net/sprites/sword-shield/icon/tyrantrum.png
698,Amaura,3,362,77,59,50,67,63,46,https://img.pokemondb.net/sprites/sword-shield/icon/amaura.png
699,Aurorus,3,521,123,77,72,99,92,58,https://img.pokemondb.net/sprites/sword-shield/icon/aurorus.png
700,Sylveon,8,525,95,65,65,110,130,60,https://img.pokemondb.net/sprites/sword-shield/icon/sylveon.png
701,Hawlucha,1,500,78,92,75,74,63,118,https://img.pokemondb.net/sprites/sword-shield/icon/hawlucha.png
702,Dedenne,6,431,67,58,57,81,67,101,https://img.pokemondb.net/sprites/sword-shield/icon/dedenne.png
703,Carbink,9,500,50,50,150,50,150,50,https://img.pokemondb.net/sprites/sword-shield/icon/carbink.png
704,Goomy,7,300,45,50,35,55,75,40,https://img.pokemondb.net/sprites/sword-shield/icon/goomy.png
705,Sliggoo,7,452,68,75,53,83,113,60,https://img.pokemondb.net/sprites/sword-shield/icon/sliggoo.png
706,Goodra,7,600,90,100,70,110,150,80,https://img.pokemondb.net/sprites/sword-shield/icon/goodra.png
707,Klefki,9,470,57,80,91,80,87,75,https://img.pokemondb.net/sprites/sword-shield/icon/klefki.png
708,Phantump,5,309,43,70,48,50,60,38,https://img.pokemondb.net/sprites/sword-shield/icon/phantump.png
709,Trevenant,5,474,85,110,76,65,82,56,https://img.pokemondb.net/sprites/sword-shield/icon/trevenant.png
710,Pumpkaboo,5,335,49,66,70,44,55,51,https://img.pokemondb.net/sprites/sword-shield/icon/pumpkaboo-average.png
711,Gourgeist,5,494,65,90,122,58,75,84,https://img.pokemondb.net/sprites/sword-shield/icon/gourgeist-average.png
712,Bergmite,3,304,55,69,85,32,35,28,https://img.pokemondb.net/sprites/sword-shield/icon/bergmite.png
713,Avalugg,3,514,95,117,184,44,46,28,https://img.pokemondb.net/sprites/sword-shield/icon/avalugg.png
714,Noibat,7,245,40,30,35,45,40,55,https://img.pokemondb.net/sprites/sword-shield/icon/noibat.png
715,Noivern,7,535,85,70,80,97,80,123,https://img.pokemondb.net/sprites/sword-shield/icon/noivern.png
716,Xerneas,3,680,126,131,95,131,98,99,https://img.pokemondb.net/sprites/sword-shield/icon/xerneas.png
717,Yveltal,2,680,126,131,95,131,98,99,https://img.pokemondb.net/sprites/sword-shield/icon/yveltal.png
718,Zygarde,1,708,216,100,121,91,95,85,https://img.pokemondb.net/sprites/sword-shield/icon/zygarde-complete.png
719,Diancie,8,600,50,100,150,100,150,50,https://img.pokemondb.net/sprites/sword-shield/icon/diancie.png
720,Hoopa,7,600,80,110,60,150,130,70,https://img.pokemondb.net/sprites/sword-shield/icon/hoopa-confined.png
721,Volcanion,5,600,80,110,120,130,90,70,https://img.pokemondb.net/sprites/sword-shield/icon/volcanion.png
722,Rowlet,2,320,68,55,55,50,50,42,https://img.pokemondb.net/sprites/sword-shield/icon/rowlet.png
723,Dartrix,10,420,78,75,75,70,70,52,https://img.pokemondb.net/sprites/sword-shield/icon/dartrix.png
724,Decidueye,6,530,78,107,75,100,100,70,https://img.pokemondb.net/sprites/sword-shield/icon/decidueye.png
725,Litten,3,320,45,65,40,60,40,70,https://img.pokemondb.net/sprites/sword-shield/icon/litten.png
726,Torracat,8,420,65,85,50,80,50,90,https://img.pokemondb.net/sprites/sword-shield/icon/torracat.png
727,Incineroar,3,530,95,115,90,80,90,60,https://img.pokemondb.net/sprites/sword-shield/icon/incineroar.png
728,Popplio,3,320,50,54,54,66,56,40,https://img.pokemondb.net/sprites/sword-shield/icon/popplio.png
729,Brionne,8,420,60,69,69,91,81,50,https://img.pokemondb.net/sprites/sword-shield/icon/brionne.png
730,Primarina,4,530,80,74,74,126,116,60,https://img.pokemondb.net/sprites/sword-shield/icon/primarina.png
731,Pikipek,10,265,35,75,30,30,30,65,https://img.pokemondb.net/sprites/sword-shield/icon/pikipek.png
732,Trumbeak,7,355,55,85,50,40,50,75,https://img.pokemondb.net/sprites/sword-shield/icon/trumbeak.png
733,Toucannon,2,485,80,120,75,75,75,60,https://img.pokemondb.net/sprites/sword-shield/icon/toucannon.png
734,Yungoos,7,253,48,70,30,30,30,45,https://img.pokemondb.net/sprites/sword-shield/icon/yungoos.png
735,Gumshoos,8,418,88,110,60,55,60,45,https://img.pokemondb.net/sprites/sword-shield/icon/gumshoos.png
736,Grubbin,9,300,47,62,45,55,45,46,https://img.pokemondb.net/sprites/sword-shield/icon/grubbin.png
737,Charjabug,6,400,57,82,95,55,75,36,https://img.pokemondb.net/sprites/sword-shield/icon/charjabug.png
738,Vikavolt,7,500,77,70,90,145,75,43,https://img.pokemondb.net/sprites/sword-shield/icon/vikavolt.png
739,Crabrawler,6,338,47,82,57,42,47,63,https://img.pokemondb.net/sprites/sword-shield/icon/crabrawler.png
740,Crabominable,7,478,97,132,77,62,67,43,https://img.pokemondb.net/sprites/sword-shield/icon/crabominable.png
741,Oricorio,3,476,75,70,70,98,70,93,https://img.pokemondb.net/sprites/sword-shield/icon/oricorio-pau.png
742,Cutiefly,8,304,40,45,40,55,40,84,https://img.pokemondb.net/sprites/sword-shield/icon/cutiefly.png
743,Ribombee,9,464,60,55,60,95,70,124,https://img.pokemondb.net/sprites/sword-shield/icon/ribombee.png
744,Rockruff,6,280,45,65,40,30,40,60,https://img.pokemondb.net/sprites/sword-shield/icon/rockruff.png
745,Lycanroc,4,487,75,115,65,55,65,112,https://img.pokemondb.net/sprites/sword-shield/icon/lycanroc-midday.png
746,Wishiwashi,10,175,45,20,20,25,25,40,https://img.pokemondb.net/sprites/sword-shield/icon/wishiwashi-solo.png
747,Mareanie,10,305,50,53,62,43,52,45,https://img.pokemondb.net/sprites/sword-shield/icon/mareanie.png
748,Toxapex,7,495,50,63,152,53,142,35,https://img.pokemondb.net/sprites/sword-shield/icon/toxapex.png
749,Mudbray,8,385,70,100,70,45,55,45,https://img.pokemondb.net/sprites/sword-shield/icon/mudbray.png
750,Mudsdale,4,500,100,125,100,55,85,35,https://img.pokemondb.net/sprites/sword-shield/icon/mudsdale.png
751,Dewpider,8,269,38,40,52,40,72,27,https://img.pokemondb.net/sprites/sword-shield/icon/dewpider.png
752,Araquanid,5,454,68,70,92,50,132,42,https://img.pokemondb.net/sprites/sword-shield/icon/araquanid.png
753,Fomantis,9,250,40,55,35,50,35,35,https://img.pokemondb.net/sprites/sword-shield/icon/fomantis.png
754,Lurantis,5,480,70,105,90,80,90,45,https://img.pokemondb.net/sprites/sword-shield/icon/lurantis.png
755,Morelull,7,285,40,35,55,65,75,15,https://img.pokemondb.net/sprites/sword-shield/icon/morelull.png
756,Shiinotic,7,405,60,45,80,90,100,30,https://img.pokemondb.net/sprites/sword-shield/icon/shiinotic.png
757,Salandit,1,320,48,44,40,71,40,77,https://img.pokemondb.net/sprites/sword-shield/icon/salandit.png
758,Salazzle,3,480,68,64,60,111,60,117,https://img.pokemondb.net/sprites/sword-shield/icon/salazzle.png
759,Stufful,6,340,70,75,50,45,50,50,https://img.pokemondb.net/sprites/sword-shield/icon/stufful.png
760,Bewear,7,500,120,125,80,55,60,60,https://img.pokemondb.net/sprites/sword-shield/icon/bewear.png
761,Bounsweet,1,210,42,30,38,30,38,32,https://img.pokemondb.net/sprites/sword-shield/icon/bounsweet.png
762,Steenee,10,290,52,40,48,40,48,62,https://img.pokemondb.net/sprites/sword-shield/icon/steenee.png
763,Tsareena,5,510,72,120,98,50,98,72,https://img.pokemondb.net/sprites/sword-shield/icon/tsareena.png
764,Comfey,9,485,51,52,90,82,110,100,https://img.pokemondb.net/sprites/sword-shield/icon/comfey.png
765,Oranguru,7,490,90,60,80,90,110,60,https://img.pokemondb.net/sprites/sword-shield/icon/oranguru.png
766,Passimian,1,490,100,120,90,40,60,80,https://img.pokemondb.net/sprites/sword-shield/icon/passimian.png
767,Wimpod,8,230,25,35,40,20,30,80,https://img.pokemondb.net/sprites/sword-shield/icon/wimpod.png
768,Golisopod,9,530,75,125,140,60,90,40,https://img.pokemondb.net/sprites/sword-shield/icon/golisopod.png
769,Sandygast,1,320,55,55,80,70,45,15,https://img.pokemondb.net/sprites/sword-shield/icon/sandygast.png
770,Palossand,3,480,85,75,110,100,75,35,https://img.pokemondb.net/sprites/sword-shield/icon/palossand.png
771,Pyukumuku,2,410,55,60,130,30,130,5,https://img.pokemondb.net/sprites/sword-shield/icon/pyukumuku.png
772,Type:Null,2,534,95,95,95,95,95,59,https://img.pokemondb.net/sprites/sword-shield/icon/type-null.png
773,Silvally,6,570,95,95,95,95,95,95,https://img.pokemondb.net/sprites/sword-shield/icon/silvally.png
774,Minior,4,500,60,100,60,100,60,120,https://img.pokemondb.net/sprites/sword-shield/icon/minior-core.png
775,Komala,9,480,65,115,65,75,95,65,https://img.pokemondb.net/sprites/sword-shield/icon/komala.png
776,Turtonator,10,485,60,78,135,91,85,36,https://img.pokemondb.net/sprites/sword-shield/icon/turtonator.png
777,Togedemaru,6,435,65,98,63,40,73,96,https://img.pokemondb.net/sprites/sword-shield/icon/togedemaru.png
778,Mimikyu,6,476,55,90,80,50,105,96,https://img.pokemondb.net/sprites/sword-shield/icon/mimikyu.png
779,Bruxish,6,475,68,105,70,70,70,92,https://img.pokemondb.net/sprites/sword-shield/icon/bruxish.png
780,Drampa,6,485,78,60,85,135,91,36,https://img.pokemondb.net/sprites/sword-shield/icon/drampa.png
781,Dhelmise,5,517,70,131,100,86,90,40,https://img.pokemondb.net/sprites/sword-shield/icon/dhelmise.png
782,Jangmo-o,2,300,45,55,65,45,45,45,https://img.pokemondb.net/sprites/sword-shield/icon/jangmo-o.png
783,Hakamo-o,5,420,55,75,90,65,70,65,https://img.pokemondb.net/sprites/sword-shield/icon/hakamo-o.png
784,Kommo-o,5,600,75,110,125,100,105,85,https://img.pokemondb.net/sprites/sword-shield/icon/kommo-o.png
785,Tapu Koko,2,570,70,115,85,95,75,130,https://img.pokemondb.net/sprites/sword-shield/icon/tapu-koko.png
786,Tapu Lele,9,570,70,85,75,130,115,95,https://img.pokemondb.net/sprites/sword-shield/icon/tapu-lele.png
787,Tapu Bulu,10,570,70,130,115,85,95,75,https://img.pokemondb.net/sprites/sword-shield/icon/tapu-bulu.png
788,Tapu Fini,10,570,70,75,115,95,130,85,https://img.pokemondb.net/sprites/sword-shield/icon/tapu-fini.png
789,Cosmog,4,200,43,29,31,29,31,37,https://img.pokemondb.net/sprites/sword-shield/icon/cosmog.png
790,Cosmoem,1,400,43,29,131,29,131,37,https://img.pokemondb.net/sprites/sword-shield/icon/cosmoem.png
791,Solgaleo,7,680,137,137,107,113,89,97,https://img.pokemondb.net/sprites/sword-shield/icon/solgaleo.png
792,Lunala,8,680,137,113,89,137,107,97,https://img.pokemondb.net/sprites/sword-shield/icon/lunala.png
793,Nihilego,3,570,109,53,47,127,131,103,https://img.pokemondb.net/sprites/sword-shield/icon/nihilego.png
794,Buzzwole,3,570,107,139,139,53,53,79,https://img.pokemondb.net/sprites/sword-shield/icon/buzzwole.png
795,Pheromosa,6,570,71,137,37,137,37,151,https://img.pokemondb.net/sprites/sword-shield/icon/pheromosa.png
796,Xurkitree,2,570,83,89,71,173,71,83,https://img.pokemondb.net/sprites/sword-shield/icon/xurkitree.png
797,Celesteela,3,570,97,101,103,107,101,61,https://img.pokemondb.net/sprites/sword-shield/icon/celesteela.png
798,Kartana,8,570,59,181,131,59,31,109,https://img.pokemondb.net/sprites/sword-shield/icon/kartana.png
799,Guzzlord,5,570,223,101,53,97,53,43,https://img.pokemondb.net/sprites/sword-shield/icon/guzzlord.png
800,Necrozma,1,600,97,107,101,127,89,79,https://img.pokemondb.net/sprites/sword-shield/icon/necrozma.png
801,Magearna,2,600,80,95,115,130,115,65,https://img.pokemondb.net/sprites/sword-shield/icon/magearna.png
802,Marshadow,7,600,90,125,80,90,90,125,https://img.pokemondb.net/sprites/sword-shield/icon/marshadow.png
803,Poipole,6,420,67,73,67,73,67,73,https://img.pokemondb.net/sprites/sword-shield/icon/poipole.png
804,Naganadel,10,540,73,73,73,127,73,121,https://img.pokemondb.net/sprites/sword-shield/icon/naganadel.png
805,Stakataka,3,570,61,131,211,53,101,13,https://img.pokemondb.net/sprites/sword-shield/icon/stakataka.png
806,Blacephalon,10,570,53,127,53,151,79,107,https://img.pokemondb.net/sprites/sword-shield/icon/blacephalon.png
807,Zeraora,1,600,88,112,75,102,80,143,https://img.pokemondb.net/sprites/sword-shield/icon/zeraora.png
808,Meltan,9,300,46,65,65,55,35,34,https://img.pokemondb.net/sprites/sword-shield/icon/meltan.png
809,Melmetal,8,600,135,143,143,80,65,34,https://img.pokemondb.net/sprites/sword-shield/icon/melmetal.png
810,Grookey,10,310,50,65,50,40,40,65,https://img.pokemondb.net/sprites/sword-shield/icon/grookey.png
811,Thwackey,1,420,70,85,70,55,60,80,https://img.pokemondb.net/sprites/sword-shield/icon/thwackey.png
812,Rillaboom,10,530,100,125,90,60,70,85,https://img.pokemondb.net/sprites/sword-shield/icon/rillaboom.png
813,Scorbunny,7,310,50,71,40,40,40,69,https://img.pokemondb.net/sprites/sword-shield/icon/scorbunny.png
814,Raboot,4,420,65,86,60,55,60,94,https://img.pokemondb.net/sprites/sword-shield/icon/raboot.png
815,Cinderace,10,530,80,116,75,65,75,119,https://img.pokemondb.net/sprites/sword-shield/icon/cinderace.png
816,Sobble,4,310,50,40,40,70,40,70,https://img.pokemondb.net/sprites/sword-shield/icon/sobble.png
817,Drizzile,4,420,65,60,55,95,55,90,https://img.pokemondb.net/sprites/sword-shield/icon/drizzile.png
818,Inteleon,2,530,70,85,65,125,65,120,https://img.pokemondb.net/sprites/sword-shield/icon/inteleon.png
819,Skwovet,5,275,70,55,55,35,35,25,https://img.pokemondb.net/sprites/sword-shield/icon/skwovet.png
820,Greedent,8,460,120,95,95,55,75,20,https://img.pokemondb.net/sprites/sword-shield/icon/greedent.png
821,Rookidee,5,245,38,47,35,33,35,57,https://img.pokemondb.net/sprites/sword-shield/icon/rookidee.png
822,Corvisquire,2,365,68,67,55,43,55,77,https://img.pokemondb.net/sprites/sword-shield/icon/corvisquire.png
823,Corviknight,2,495,98,87,105,53,85,67,https://img.pokemondb.net/sprites/sword-shield/icon/corviknight.png
824,Blipbug,6,180,25,20,20,25,45,45,https://img.pokemondb.net/sprites/sword-shield/icon/blipbug.png
825,Dottler,10,335,50,35,80,50,90,30,https://img.pokemondb.net/sprites/sword-shield/icon/dottler.png
826,Orbeetle,2,505,60,45,110,80,120,90,https://img.pokemondb.net/sprites/sword-shield/icon/orbeetle.png
827,Nickit,3,245,40,28,28,47,52,50,https://img.pokemondb.net/sprites/sword-shield/icon/nickit.png
828,Thievul,7,455,70,58,58,87,92,90,https://img.pokemondb.net/sprites/sword-shield/icon/thievul.png
829,Gossifleur,10,250,40,40,60,40,60,10,https://img.pokemondb.net/sprites/sword-shield/icon/gossifleur.png
830,Eldegoss,9,460,60,50,90,80,120,60,https://img.pokemondb.net/sprites/sword-shield/icon/eldegoss.png
831,Wooloo,1,270,42,40,55,40,45,48,https://img.pokemondb.net/sprites/sword-shield/icon/wooloo.png
832,Dubwool,10,490,72,80,100,60,90,88,https://img.pokemondb.net/sprites/sword-shield/icon/dubwool.png
833,Chewtle,5,284,50,64,50,38,38,44,https://img.pokemondb.net/sprites/sword-shield/icon/chewtle.png
834,Drednaw,5,485,90,115,90,48,68,74,https://img.pokemondb.net/sprites/sword-shield/icon/drednaw.png
835,Yamper,4,270,59,45,50,40,50,26,https://img.pokemondb.net/sprites/sword-shield/icon/yamper.png
836,Boltund,1,490,69,90,60,90,60,121,https://img.pokemondb.net/sprites/sword-shield/icon/boltund.png
837,Rolycoly,6,240,30,40,50,40,50,30,https://img.pokemondb.net/sprites/sword-shield/icon/rolycoly.png
838,Carkol,5,410,80,60,90,60,70,50,https://img.pokemondb.net/sprites/sword-shield/icon/carkol.png
839,Coalossal,2,510,110,80,120,80,90,30,https://img.pokemondb.net/sprites/sword-shield/icon/coalossal.png
840,Applin,8,260,40,40,80,40,40,20,https://img.pokemondb.net/sprites/sword-shield/icon/applin.png
841,Flapple,1,485,70,110,80,95,60,70,https://img.pokemondb.net/sprites/sword-shield/icon/flapple.png
842,Appletun,5,485,110,85,80,100,80,30,https://img.pokemondb.net/sprites/sword-shield/icon/appletun.png
843,Silicobra,7,315,52,57,75,35,50,46,https://img.pokemondb.net/sprites/sword-shield/icon/silicobra.png
844,Sandaconda,2,510,72,107,125,65,70,71,https://img.pokemondb.net/sprites/sword-shield/icon/sandaconda.png
845,Cramorant,3,475,70,85,55,85,95,85,https://img.pokemondb.net/sprites/sword-shield/icon/cramorant.png
846,Arrokuda,6,280,41,63,40,40,30,66,https://img.pokemondb.net/sprites/sword-shield/icon/arrokuda.png
847,Barraskewda,5,490,61,123,60,60,50,136,https://img.pokemondb.net/sprites/sword-shield/icon/barraskewda.png
848,Toxel,3,242,40,38,35,54,35,40,https://img.pokemondb.net/sprites/sword-shield/icon/toxel.png
849,Toxtricity,5,502,75,98,70,114,70,75,https://img.pokemondb.net/sprites/sword-shield/icon/toxtricity-amped.png
850,Sizzlipede,6,305,50,65,45,50,50,45,https://img.pokemondb.net/sprites/sword-shield/icon/sizzlipede.png
851,Centiskorch,2,525,100,115,65,90,90,65,https://img.pokemondb.net/sprites/sword-shield/icon/centiskorch.png
852,Clobbopus,7,310,50,68,60,50,50,32,https://img.pokemondb.net/sprites/sword-shield/icon/clobbopus.png
853,Grapploct,4,480,80,118,90,70,80,42,https://img.pokemondb.net/sprites/sword-shield/icon/grapploct.png
854,Sinistea,7,308,40,45,45,74,54,50,https://img.pokemondb.net/sprites/sword-shield/icon/sinistea.png
855,Polteageist,3,508,60,65,65,134,114,70,https://img.pokemondb.net/sprites/sword-shield/icon/polteageist.png
856,Hatenna,1,265,42,30,45,56,53,39,https://img.pokemondb.net/sprites/sword-shield/icon/hatenna.png
857,Hattrem,10,370,57,40,65,86,73,49,https://img.pokemondb.net/sprites/sword-shield/icon/hattrem.png
858,Hatterene,9,510,57,90,95,136,103,29,https://img.pokemondb.net/sprites/sword-shield/icon/hatterene.png
859,Impidimp,3,265,45,45,30,55,40,50,https://img.pokemondb.net/sprites/sword-shield/icon/impidimp.png
860,Morgrem,7,370,65,60,45,75,55,70,https://img.pokemondb.net/sprites/sword-shield/icon/morgrem.png
861,Grimmsnarl,9,510,95,120,65,95,75,60,https://img.pokemondb.net/sprites/sword-shield/icon/grimmsnarl.png
862,Obstagoon,8,520,93,90,101,60,81,95,https://img.pokemondb.net/sprites/sword-shield/icon/obstagoon.png
863,Perrserker,1,440,70,110,100,50,60,50,https://img.pokemondb.net/sprites/sword-shield/icon/perrserker.png
864,Cursola,1,510,60,95,50,145,130,30,https://img.pokemondb.net/sprites/sword-shield/icon/cursola.png
865,Sirfetch'd,10,507,62,135,95,68,82,65,https://img.pokemondb.net/sprites/sword-shield/icon/sirfetchd.png
866,Mr.Rime,5,520,80,85,75,110,100,70,https://img.pokemondb.net/sprites/sword-shield/icon/mr-rime.png
867,Runerigus,4,483,58,95,145,50,105,30,https://img.pokemondb.net/sprites/sword-shield/icon/runerigus.png
868,Milcery,9,270,45,40,40,50,61,34,https://img.pokemondb.net/sprites/sword-shield/icon/milcery.png
869,Alcremie,10,495,65,60,75,110,121,64,https://img.pokemondb.net/sprites/sword-shield/icon/alcremie.png
870,Falinks,10,470,65,100,100,70,60,75,https://img.pokemondb.net/sprites/sword-shield/icon/falinks.png
871,Pincurchin,2,435,48,101,95,91,85,15,https://img.pokemondb.net/sprites/sword-shield/icon/pincurchin.png
872,Snom,6,185,30,25,35,45,30,20,https://img.pokemondb.net/sprites/sword-shield/icon/snom.png
873,Frosmoth,2,475,70,65,60,125,90,65,https://img.pokemondb.net/sprites/sword-shield/icon/frosmoth.png
874,Stonjourner,7,470,100,125,135,20,20,70,https://img.pokemondb.net/sprites/sword-shield/icon/stonjourner.png
875,Eiscue,8,470,75,80,70,65,50,130,https://img.pokemondb.net/sprites/sword-shield/icon/eiscue-noice.png
876,Indeedee,5,475,70,55,65,95,105,85,https://img.pokemondb.net/sprites/sword-shield/icon/indeedee-female.png
877,Morpeko,7,436,58,95,58,70,58,97,https://img.pokemondb.net/sprites/sword-shield/icon/morpeko-hangry.png
878,Cufant,1,330,72,80,49,40,49,40,https://img.pokemondb.net/sprites/sword-shield/icon/cufant.png
879,Copperajah,2,500,122,130,69,80,69,30,https://img.pokemondb.net/sprites/sword-shield/icon/copperajah.png
880,Dracozolt,2,505,90,100,90,80,70,75,https://img.pokemondb.net/sprites/sword-shield/icon/dracozolt.png
881,Arctozolt,9,505,90,100,90,90,80,55,https://img.pokemondb.net/sprites/sword-shield/icon/arctozolt.png
882,Dracovish,2,505,90,90,100,70,80,75,https://img.pokemondb.net/sprites/sword-shield/icon/dracovish.png
883,Arctovish,2,505,90,90,100,80,90,55,https://img.pokemondb.net/sprites/sword-shield/icon/arctovish.png
884,Duraludon,6,535,70,95,115,120,50,85,https://img.pokemondb.net/sprites/sword-shield/icon/duraludon.png
885,Dreepy,9,270,28,60,30,40,30,82,https://img.pokemondb.net/sprites/sword-shield/icon/dreepy.png
886,Drakloak,7,410,68,80,50,60,50,102,https://img.pokemondb.net/sprites/sword-shield/icon/drakloak.png
887,Dragapult,4,600,88,120,75,100,75,142,https://img.pokemondb.net/sprites/sword-shield/icon/dragapult.png
888,Zacian,6,720,92,170,115,80,115,148,https://img.pokemondb.net/sprites/sword-shield/icon/zacian-crowned.png
889,Zamazenta,9,720,92,130,145,80,145,128,https://img.pokemondb.net/sprites/sword-shield/icon/zamazenta-crowned.png
890,Eternatus,7,690,140,85,95,145,95,130,https://img.pokemondb.net/sprites/sword-shield/icon/eternatus.png
891,Kubfu,4,385,60,90,60,53,50,72,https://img.pokemondb.net/sprites/sword-shield/icon/kubfu.png
892,Urshifu,9,550,100,130,100,63,60,97,https://img.pokemondb.net/sprites/sword-shield/icon/urshifu-single-strike.png
893,Zarude,5,600,105,120,105,70,95,105,https://img.pokemondb.net/sprites/sword-shield/icon/zarude.png
894,Regieleki,4,580,80,100,50,100,50,200,https://img.pokemondb.net/sprites/sword-shield/icon/regieleki.png
895,Regidrago,4,580,200,100,50,100,50,80,https://img.pokemondb.net/sprites/sword-shield/icon/regidrago.png
896,Glastrier,9,580,100,145,130,65,110,30,https://img.pokemondb.net/sprites/sword-shield/icon/glastrier.png
897,Spectrier,7,580,100,65,60,145,80,130,https://img.pokemondb.net/sprites/sword-shield/icon/spectrier.png
898,Calyrex,6,500,100,80,80,80,80,80,https://img.pokemondb.net/sprites/sword-shield/icon/calyrex.png